Id;host;eqSnippetLocality_min;eqSnippetLocality_mean;eqSnippetLocality_max;eqTitleLocality_min;eqTitleLocality_mean;eqTitleLocality_max;eqPagemapLocality_min;eqPagemapLocality_mean;eqPagemapLocality_max;eqSnippetLegalName_min;eqSnippetLegalName_mean;eqSnippetLegalName_max;eqTitleLegalName_min;eqTitleLegalName_mean;eqTitleLegalName_max;eqSnippetAddress_min;eqSnippetAddress_mean;eqSnippetAddress_max;eqTitleAddress_min;eqTitleAddress_mean;eqTitleAddress_max;eqPagemapAddress_min;eqPagemapAddress_mean;eqPagemapAddress_max;eqSnippetTradeName_min;eqSnippetTradeName_mean;eqSnippetTradeName_max;eqTitleTradeName_min;eqTitleTradeName_mean;eqTitleTradeName_max;eqSnippetPostalcode_min;eqSnippetPostalcode_mean;eqSnippetPostalcode_max;eqTitlePostalcode_min;eqTitlePostalcode_mean;eqTitlePostalcode_max;eqPagemapPostalcode_min;eqPagemapPostalcode_mean;eqPagemapPostalcode_max;zscore;percentage;seq_score_total_max;seq_score_sum;seq_score_perc
1;apollo.io;0.6296296296296297;0.6296296296296297;0.6296296296296297;0.49074074074074076;0.49074074074074076;0.49074074074074076;0.0;0.0;0.0;1.0;1.0;1.0;0.9259259259259259;0.9259259259259259;0.9259259259259259;0.6481481481481481;0.6481481481481481;0.6481481481481481;0.625;0.625;0.625;0.0;0.0;0.0;1.0;1.0;1.0;0.9259259259259259;0.9259259259259259;0.9259259259259259;0.0;0.0;0.0;0.0;0.0;0.0;0.0;0.0;0.0;-0.3694990463185855;2.6315789473684212;263;3;0.011406844106463879
1;berlingske.dk;0.5407407407407407;0.5407407407407407;0.5407407407407407;0.5407407407407407;0.5407407407407407;0.5407407407407407;0.0;0.0;0.0;0.9259259259259259;0.9259259259259259;0.9259259259259259;0.5499999999999999;0.5499999999999999;0.5499999999999999;0.6666666666666666;0.6666666666666666;0.6666666666666666;0.5787037037037037;0.5787037037037037;0.5787037037037037;0.0;0.0;0.0;0.9259259259259259;0.9259259259259259;0.9259259259259259;0.5499999999999999;0.5499999999999999;0.5499999999999999;0.75;0.75;0.75;0.0;0.0;0.0;0.0;0.0;0.0;-0.3694990463185855;2.6315789473684212;263;9;0.034220532319391636
1;cphpost.dk;0.5185185185185185;0.5185185185185185;0.5185185185185185;0.5026455026455027;0.5026455026455027;0.5026455026455027;0.0;0.0;0.0;0.9259259259259259;0.9259259259259259;0.9259259259259259;0.6583333333333333;0.6583333333333333;0.6583333333333333;0.6904761904761904;0.6904761904761904;0.6904761904761904;0.7083333333333334;0.7083333333333334;0.7083333333333334;0.0;0.0;0.0;0.9259259259259259;0.9259259259259259;0.9259259259259259;0.6583333333333333;0.6583333333333333;0.6583333333333333;0.75;0.75;0.75;0.0;0.0;0.0;0.0;0.0;0.0;-0.3694990463185855;2.6315789473684212;263;8;0.030418250950570342
1;data2go.dk;0.5740740740740741;0.5740740740740741;0.5740740740740741;0.49074074074074076;0.49074074074074076;0.49074074074074076;0.0;0.0;0.0;0.95;0.95;0.95;0.9259259259259259;0.9259259259259259;0.9259259259259259;0.611111111111111;0.611111111111111;0.611111111111111;0.5518518518518518;0.5518518518518518;0.5518518518518518;0.0;0.0;0.0;0.95;0.95;0.95;0.9259259259259259;0.9259259259259259;0.9259259259259259;0.0;0.0;0.0;0.0;0.0;0.0;0.0;0.0;0.0;-0.3694990463185855;2.6315789473684212;263;3;0.011406844106463879
1;dataforgood.science;0.5026455026455027;0.5026455026455027;0.5026455026455027;0.5026455026455027;0.5026455026455027;0.5026455026455027;0.0;0.0;0.0;0.6212121212121212;0.6212121212121212;0.6212121212121212;0.9259259259259259;0.9259259259259259;0.9259259259259259;0.6011904761904762;0.6011904761904762;0.6011904761904762;0.5833333333333334;0.5833333333333334;0.5833333333333334;0.0;0.0;0.0;0.6212121212121212;0.6212121212121212;0.6212121212121212;0.9259259259259259;0.9259259259259259;0.9259259259259259;0.75;0.75;0.75;0.0;0.0;0.0;0.0;0.0;0.0;-0.3694990463185855;2.6315789473684212;263;7;0.026615969581749048
1;dst.dk;0.5185185185185185;0.6456916099773242;0.9259259259259259;0.49074074074074076;0.5677094069951212;0.6026936026936026;0.0;0.0;0.0;0.825925925925926;0.9164213564213565;1.0;0.825925925925926;0.8990476190476189;0.9377777777777778;0.5873015873015873;0.7461262282690854;0.9259259259259259;0.4761904761904761;0.528202947845805;0.5833333333333334;0.0;0.0;0.0;0.825925925925926;0.9164213564213565;1.0;0.825925925925926;0.8990476190476189;0.9377777777777778;0.0;0.5;1.0;0.0;0.05357142857142857;0.75;0.0;0.0;0.0;3.2331166552876227;36.8421052631579;263;107;0.4068441064638783
1;dtu.dk;0.6296296296296297;0.6296296296296297;0.6296296296296297;0.49074074074074076;0.49074074074074076;0.49074074074074076;0.0;0.0;0.0;1.0;1.0;1.0;0.9166666666666666;0.9166666666666666;0.9166666666666666;0.6904761904761904;0.6904761904761904;0.6904761904761904;0.5353535353535354;0.5353535353535354;0.5353535353535354;0.0;0.0;0.0;1.0;1.0;1.0;0.9166666666666666;0.9166666666666666;0.9166666666666666;0.0;0.0;0.0;0.0;0.0;0.0;0.0;0.0;0.0;-0.3694990463185855;2.6315789473684212;263;6;0.022813688212927757
1;gfk.com;0.6296296296296297;0.6296296296296297;0.6296296296296297;0.5185185185185185;0.5185185185185185;0.5185185185185185;0.0;0.0;0.0;0.7666666666666667;0.7666666666666667;0.7666666666666667;0.4583333333333333;0.4583333333333333;0.4583333333333333;0.5873015873015873;0.5873015873015873;0.5873015873015873;0.5277777777777778;0.5277777777777778;0.5277777777777778;0.0;0.0;0.0;0.7666666666666667;0.7666666666666667;0.7666666666666667;0.4583333333333333;0.4583333333333333;0.4583333333333333;0.0;0.0;0.0;0.0;0.0;0.0;0.0;0.0;0.0;-0.3694990463185855;2.6315789473684212;263;9;0.034220532319391636
1;gov.hu;0.5740740740740741;0.5740740740740741;0.5740740740740741;0.48148148148148145;0.48148148148148145;0.48148148148148145;0.0;0.0;0.0;0.9259259259259259;0.9259259259259259;0.9259259259259259;0.5833333333333334;0.5833333333333334;0.5833333333333334;1.0;1.0;1.0;0.6666666666666666;0.6666666666666666;0.6666666666666666;0.0;0.0;0.0;0.9259259259259259;0.9259259259259259;0.9259259259259259;0.5833333333333334;0.5833333333333334;0.5833333333333334;0.8500000000000001;0.8500000000000001;0.8500000000000001;0.8500000000000001;0.8500000000000001;0.8500000000000001;0.0;0.0;0.0;-0.3694990463185855;2.6315789473684212;263;7;0.026615969581749048
1;jrc.es;0.5185185185185185;0.525;0.5314814814814816;0.48148148148148145;0.48148148148148145;0.48148148148148145;0.0;0.0;0.0;0.6680911680911681;0.7970085470085471;0.9259259259259259;0.625;0.625;0.625;1.0;1.0;1.0;0.5833333333333334;0.5833333333333334;0.5833333333333334;0.0;0.0;0.0;0.6680911680911681;0.7970085470085471;0.9259259259259259;0.625;0.625;0.625;0.7222222222222222;0.8611111111111112;1.0;0.0;0.0;0.0;0.0;0.0;0.0;-0.09237476157964641;5.2631578947368425;263;18;0.06844106463878327
1;ku.dk;0.8962962962962964;0.8962962962962964;0.8962962962962964;0.8962962962962964;0.8962962962962964;0.8962962962962964;0.0;0.0;0.0;0.5886243386243386;0.5886243386243386;0.5886243386243386;0.5583333333333333;0.5583333333333333;0.5583333333333333;0.6333333333333333;0.6333333333333333;0.6333333333333333;0.5353535353535354;0.5353535353535354;0.5353535353535354;0.0;0.0;0.0;0.5886243386243386;0.5886243386243386;0.5886243386243386;0.5583333333333333;0.5583333333333333;0.5583333333333333;0.7222222222222222;0.7222222222222222;0.7222222222222222;0.0;0.0;0.0;0.0;0.0;0.0;-0.3694990463185855;2.6315789473684212;263;5;0.019011406844106463
1;pitt.edu;0.5444444444444444;0.6148148148148147;0.6851851851851851;0.5353535353535354;0.5353535353535354;0.5353535353535354;0.0;0.0;0.0;0.6583333333333333;0.7980555555555555;0.9377777777777778;0.9232323232323232;0.9232323232323232;0.9232323232323232;1.0;1.0;1.0;0.671957671957672;0.671957671957672;0.671957671957672;0.0;0.0;0.0;0.6583333333333333;0.7980555555555555;0.9377777777777778;0.9232323232323232;0.9232323232323232;0.9232323232323232;0.75;0.875;1.0;0.0;0.0;0.0;0.0;0.0;0.0;-0.09237476157964641;5.2631578947368425;263;18;0.06844106463878327
1;prd.fr;0.5026455026455027;0.5383597883597884;0.5740740740740741;0.48148148148148145;0.48148148148148145;0.48148148148148145;0.0;0.0;0.0;0.611111111111111;0.7744444444444445;0.9377777777777778;0.5119047619047619;0.5119047619047619;0.5119047619047619;1.0;1.0;1.0;0.5185185185185185;0.5185185185185185;0.5185185185185185;0.0;0.0;0.0;0.611111111111111;0.7744444444444445;0.9377777777777778;0.5119047619047619;0.5119047619047619;0.5119047619047619;1.0;1.0;1.0;0.0;0.0;0.0;0.0;0.0;0.0;-0.09237476157964641;5.2631578947368425;263;18;0.06844106463878327
1;queensu.ca;0.9259259259259259;0.9259259259259259;0.9259259259259259;0.43703703703703706;0.43703703703703706;0.43703703703703706;0.0;0.0;0.0;0.9259259259259259;0.9259259259259259;0.9259259259259259;0.0;0.0;0.0;0.9259259259259259;0.9259259259259259;0.9259259259259259;0.37407407407407406;0.37407407407407406;0.37407407407407406;0.0;0.0;0.0;0.9259259259259259;0.9259259259259259;0.9259259259259259;0.0;0.0;0.0;1.0;1.0;1.0;0.0;0.0;0.0;0.0;0.0;0.0;-0.3694990463185855;2.6315789473684212;263;8;0.030418250950570342
1;roiw.org;0.6851851851851851;0.6851851851851851;0.6851851851851851;0.5873015873015873;0.5873015873015873;0.5873015873015873;0.0;0.0;0.0;0.9259259259259259;0.9259259259259259;0.9259259259259259;0.825925925925926;0.825925925925926;0.825925925925926;0.8518518518518517;0.8518518518518517;0.8518518518518517;0.6011904761904762;0.6011904761904762;0.6011904761904762;0.0;0.0;0.0;0.9259259259259259;0.9259259259259259;0.9259259259259259;0.825925925925926;0.825925925925926;0.825925925925926;1.0;1.0;1.0;0.0;0.0;0.0;0.0;0.0;0.0;-0.3694990463185855;2.6315789473684212;263;5;0.019011406844106463
1;sciencedirect.com;0.6944444444444443;0.6944444444444443;0.6944444444444443;0.5407407407407407;0.5407407407407407;0.5407407407407407;0.0;0.0;0.0;0.625;0.625;0.625;0.6666666666666666;0.6666666666666666;0.6666666666666666;0.611111111111111;0.611111111111111;0.611111111111111;0.5740740740740741;0.5740740740740741;0.5740740740740741;0.0;0.0;0.0;0.625;0.625;0.625;0.6666666666666666;0.6666666666666666;0.6666666666666666;0.0;0.0;0.0;0.0;0.0;0.0;0.0;0.0;0.0;-0.3694990463185855;2.6315789473684212;263;6;0.022813688212927757
1;sdu.dk;0.5185185185185185;0.5185185185185185;0.5185185185185185;0.5873015873015873;0.5873015873015873;0.5873015873015873;0.0;0.0;0.0;1.0;1.0;1.0;0.6797619047619049;0.6797619047619049;0.6797619047619049;0.6011904761904762;0.6011904761904762;0.6011904761904762;0.5;0.5;0.5;0.0;0.0;0.0;1.0;1.0;1.0;0.6797619047619049;0.6797619047619049;0.6797619047619049;0.75;0.75;0.75;0.0;0.0;0.0;0.0;0.0;0.0;-0.3694990463185855;2.6315789473684212;263;4;0.015209125475285171
1;statbank.dk;0.5185185185185185;0.5414462081128747;0.5873015873015873;0.5185185185185185;0.5414462081128747;0.5873015873015873;0.0;0.0;0.0;0.625;0.7222222222222222;0.9166666666666666;0.6481481481481481;0.6586860670194005;0.6797619047619049;0.6666666666666666;0.6746031746031745;0.6904761904761904;0.5;0.5555555555555556;0.5833333333333334;0.0;0.0;0.0;0.625;0.7222222222222222;0.9166666666666666;0.6481481481481481;0.6586860670194005;0.6797619047619049;0.0;0.5666666666666668;0.8500000000000001;0.0;0.0;0.0;0.0;0.0;0.0;0.1847495231592927;7.894736842105263;263;16;0.060836501901140684
1;statistikbanken.dk;0.0;0.25132275132275134;0.5026455026455027;0.4537037037037037;0.5205026455026456;0.5873015873015873;0.0;0.0;0.0;0.0;0.4583333333333333;0.9166666666666666;0.7032407407407407;0.7349537037037037;0.7666666666666667;0.0;0.3148148148148148;0.6296296296296297;0.4861111111111111;0.4930555555555556;0.5;0.0;0.0;0.0;0.0;0.4583333333333333;0.9166666666666666;0.7032407407407407;0.7349537037037037;0.7666666666666667;0.0;0.0;0.0;0.0;0.0;0.0;0.0;0.0;0.0;-0.09237476157964641;5.2631578947368425;263;6;0.022813688212927757
10;dgins2019.sk;0.6833333333333332;0.6833333333333332;0.6833333333333332;0.32857142857142857;0.32857142857142857;0.32857142857142857;0.0;0.0;0.0;1.0;1.0;1.0;0.5616883116883117;0.5616883116883117;0.5616883116883117;0.6833333333333332;0.6833333333333332;0.6833333333333332;0.49523809523809526;0.49523809523809526;0.49523809523809526;0.0;0.0;0.0;1.0;1.0;1.0;0.5616883116883117;0.5616883116883117;0.5616883116883117;0.5555555555555555;0.5555555555555555;0.5555555555555555;0.0;0.0;0.0;0.0;0.0;0.0;0.4618738078982318;23.529411764705884;149;40;0.2684563758389262
10;emn.sk;0.6416666666666667;0.6416666666666667;0.6416666666666667;0.0;0.0;0.0;0.0;0.0;0.0;1.0;1.0;1.0;0.0;0.0;0.0;0.6333333333333333;0.6333333333333333;0.6333333333333333;0.0;0.0;0.0;0.0;0.0;0.0;1.0;1.0;1.0;0.0;0.0;0.0;0.0;0.0;0.0;0.0;0.0;0.0;0.0;0.0;0.0;-0.3694990463185855;5.882352941176471;149;8;0.053691275167785234
10;hotels.com;0.9333333333333332;0.9333333333333332;0.9333333333333332;0.9333333333333332;0.9333333333333332;0.9333333333333332;0.0;0.0;0.0;0.6888888888888888;0.6888888888888888;0.6888888888888888;0.8194444444444445;0.8194444444444445;0.8194444444444445;0.8666666666666667;0.8666666666666667;0.8666666666666667;0.8666666666666667;0.8666666666666667;0.8666666666666667;0.0;0.0;0.0;0.6888888888888888;0.6888888888888888;0.6888888888888888;0.8194444444444445;0.8194444444444445;0.8194444444444445;0.0;0.0;0.0;0.0;0.0;0.0;0.0;0.0;0.0;-0.3694990463185855;5.882352941176471;149;10;0.06711409395973154
10;loc.gov;0.6833333333333332;0.6833333333333332;0.6833333333333332;0.604040404040404;0.604040404040404;0.604040404040404;0.0;0.0;0.0;1.0;1.0;1.0;1.0;1.0;1.0;0.6083333333333334;0.6083333333333334;0.6083333333333334;0.5848484848484848;0.5848484848484848;0.5848484848484848;0.0;0.0;0.0;1.0;1.0;1.0;1.0;1.0;1.0;0.0;0.0;0.0;0.0;0.0;0.0;0.0;0.0;0.0;-0.3694990463185855;5.882352941176471;149;9;0.06040268456375839
10;millet.fr;0.9333333333333332;0.9333333333333332;0.9333333333333332;0.9333333333333332;0.9333333333333332;0.9333333333333332;1.0;1.0;1.0;0.8444444444444443;0.8444444444444443;0.8444444444444443;0.604040404040404;0.604040404040404;0.604040404040404;0.8666666666666667;0.8666666666666667;0.8666666666666667;0.8666666666666667;0.8666666666666667;0.8666666666666667;1.0;1.0;1.0;0.8444444444444443;0.8444444444444443;0.8444444444444443;0.604040404040404;0.604040404040404;0.604040404040404;0.0;0.0;0.0;0.0;0.0;0.0;1.0;1.0;1.0;-0.3694990463185855;5.882352941176471;149;8;0.053691275167785234
10;oid-info.com;0.9333333333333332;0.9333333333333332;0.9333333333333332;0.6222222222222222;0.6222222222222222;0.6222222222222222;0.0;0.0;0.0;0.7222222222222222;0.7222222222222222;0.7222222222222222;0.6666666666666666;0.6666666666666666;0.6666666666666666;0.8666666666666667;0.8666666666666667;0.8666666666666667;0.6;0.6;0.6;0.0;0.0;0.0;0.7222222222222222;0.7222222222222222;0.7222222222222222;0.6666666666666666;0.6666666666666666;0.6666666666666666;1.0;1.0;1.0;0.0;0.0;0.0;0.0;0.0;0.0;-0.3694990463185855;5.882352941176471;149;6;0.040268456375838924
10;oidref.com;0.9333333333333332;0.9333333333333332;0.9333333333333332;0.45;0.45;0.45;0.0;0.0;0.0;0.9393939393939394;0.9393939393939394;0.9393939393939394;0.5694444444444444;0.5694444444444444;0.5694444444444444;0.8666666666666667;0.8666666666666667;0.8666666666666667;0.5666666666666667;0.5666666666666667;0.5666666666666667;0.0;0.0;0.0;0.9393939393939394;0.9393939393939394;0.9393939393939394;0.5694444444444444;0.5694444444444444;0.5694444444444444;1.0;1.0;1.0;0.0;0.0;0.0;0.0;0.0;0.0;-0.3694990463185855;5.882352941176471;149;9;0.06040268456375839
10;statistics.sk;0.604040404040404;0.7963924963924962;0.9333333333333332;0.32857142857142857;0.4859822716965575;0.604040404040404;0.0;0.0;0.0;1.0;1.0;1.0;0.5616883116883117;0.7948361162646878;1.0;0.5848484848484848;0.7544492544492545;0.8666666666666667;0.49523809523809526;0.6269635126777985;0.8666666666666667;0.0;0.0;0.0;1.0;1.0;1.0;0.5616883116883117;0.7948361162646878;1.0;0.5277777777777778;0.8015873015873015;1.0;0.0;0.2857142857142857;1.0;0.0;0.0;0.0;1.293246662115049;41.1764705882353;149;59;0.3959731543624161
11;acm.org;0.9166666666666666;0.9166666666666666;0.9166666666666666;0.5833333333333334;0.5833333333333334;0.5833333333333334;0.0;0.0;0.0;0.9333333333333332;0.9333333333333332;0.9333333333333332;0.9047619047619048;0.9047619047619048;0.9047619047619048;0.5222222222222223;0.5222222222222223;0.5222222222222223;0.5099206349206349;0.5099206349206349;0.5099206349206349;0.0;0.0;0.0;0.9333333333333332;0.9333333333333332;0.9333333333333332;0.9047619047619048;0.9047619047619048;0.9047619047619048;0.0;0.0;0.0;0.0;0.0;0.0;0.0;0.0;0.0;-0.3694990463185855;4.545454545454546;182;10;0.054945054945054944
11;gbig.org;0.9166666666666666;0.9166666666666666;0.9166666666666666;0.5499999999999999;0.5499999999999999;0.5499999999999999;0.0;0.0;0.0;0.9047619047619048;0.9047619047619048;0.9047619047619048;0.6071428571428571;0.6071428571428571;0.6071428571428571;0.9444444444444443;0.9444444444444443;0.9444444444444443;0.9444444444444443;0.9444444444444443;0.9444444444444443;0.0;0.0;0.0;0.9047619047619048;0.9047619047619048;0.9047619047619048;0.6071428571428571;0.6071428571428571;0.6071428571428571;0.0;0.0;0.0;0.0;0.0;0.0;0.0;0.0;0.0;-0.3694990463185855;4.545454545454546;182;6;0.03296703296703297
11;hamari.pro;0.9166666666666666;0.9166666666666666;0.9166666666666666;0.47222222222222215;0.47222222222222215;0.47222222222222215;1.0;1.0;1.0;0.9047619047619048;0.9047619047619048;0.9047619047619048;0.9047619047619048;0.9047619047619048;0.9047619047619048;0.9444444444444443;0.9444444444444443;0.9444444444444443;0.9444444444444443;0.9444444444444443;0.9444444444444443;0.0;0.0;0.0;0.9047619047619048;0.9047619047619048;0.9047619047619048;0.9047619047619048;0.9047619047619048;0.9047619047619048;0.48333333333333334;0.48333333333333334;0.48333333333333334;0.0;0.0;0.0;0.0;0.0;0.0;-0.3694990463185855;4.545454545454546;182;10;0.054945054945054944
11;nsm2019.fi;0.6481481481481481;0.6481481481481481;0.6481481481481481;0.6011904761904762;0.6011904761904762;0.6011904761904762;0.0;0.0;0.0;0.9333333333333332;0.9333333333333332;0.9333333333333332;0.8424242424242424;0.8424242424242424;0.8424242424242424;0.5555555555555555;0.5555555555555555;0.5555555555555555;0.48412698412698413;0.48412698412698413;0.48412698412698413;0.0;0.0;0.0;0.9333333333333332;0.9333333333333332;0.9333333333333332;0.8424242424242424;0.8424242424242424;0.8424242424242424;0.44761904761904764;0.44761904761904764;0.44761904761904764;0.48333333333333334;0.48333333333333334;0.48333333333333334;0.0;0.0;0.0;-0.3694990463185855;4.545454545454546;182;9;0.04945054945054945
11;residentadvisor.net;0.9166666666666666;0.9166666666666666;0.9166666666666666;0.9166666666666666;0.9166666666666666;0.9166666666666666;0.0;0.0;0.0;0.9047619047619048;0.9047619047619048;0.9047619047619048;0.5583333333333333;0.5583333333333333;0.5583333333333333;0.9444444444444443;0.9444444444444443;0.9444444444444443;0.5833333333333334;0.5833333333333334;0.5833333333333334;0.0;0.0;0.0;0.9047619047619048;0.9047619047619048;0.9047619047619048;0.5583333333333333;0.5583333333333333;0.5583333333333333;1.0;1.0;1.0;0.5777777777777778;0.5777777777777778;0.5777777777777778;0.0;0.0;0.0;-0.3694990463185855;4.545454545454546;182;7;0.038461538461538464
11;rvv.fi;0.9166666666666666;0.9166666666666666;0.9166666666666666;0.6388888888888888;0.6388888888888888;0.6388888888888888;0.0;0.0;0.0;0.6011904761904762;0.6011904761904762;0.6011904761904762;0.671957671957672;0.671957671957672;0.671957671957672;0.9444444444444443;0.9444444444444443;0.9444444444444443;0.5277777777777778;0.5277777777777778;0.5277777777777778;0.0;0.0;0.0;0.6011904761904762;0.6011904761904762;0.6011904761904762;0.671957671957672;0.671957671957672;0.671957671957672;1.0;1.0;1.0;0.0;0.0;0.0;0.0;0.0;0.0;-0.3694990463185855;4.545454545454546;182;9;0.04945054945054945
11;tilastokeskus.fi;0.5972222222222222;0.810805860805861;0.9166666666666666;0.44722222222222224;0.5209790209790209;0.5833333333333334;0.0;0.0;0.0;0.8424242424242424;0.924095904095904;1.0;0.9333333333333332;0.9384615384615386;1.0;0.5166666666666667;0.7882478632478632;0.9444444444444443;0.5166666666666667;0.517948717948718;0.5277777777777778;0.0;0.0;0.0;0.8424242424242424;0.924095904095904;1.0;0.9333333333333332;0.9384615384615386;1.0;0.0;0.561965811965812;1.0;0.0;0.0;0.0;0.0;0.8461538461538461;1.0;2.9559923705486835;59.09090909090909;182;108;0.5934065934065934
11;valtiolle.fi;0.6388888888888888;0.7777777777777777;0.9166666666666666;0.49074074074074076;0.49074074074074076;0.49074074074074076;0.0;0.0;0.0;0.9333333333333332;0.9666666666666666;1.0;0.9333333333333332;0.9333333333333332;0.9333333333333332;0.5555555555555555;0.7499999999999999;0.9444444444444443;0.5166666666666667;0.5166666666666667;0.5166666666666667;0.0;0.0;0.0;0.9333333333333332;0.9666666666666666;1.0;0.9333333333333332;0.9333333333333332;0.9333333333333332;0.6333333333333333;0.8166666666666667;1.0;0.0;0.0;0.0;0.0;0.0;0.0;-0.09237476157964641;9.090909090909092;182;15;0.08241758241758242
11;vipunen.fi;0.6388888888888888;0.6388888888888888;0.6388888888888888;0.5119047619047619;0.5119047619047619;0.5119047619047619;0.0;0.0;0.0;1.0;1.0;1.0;0.9333333333333332;0.9333333333333332;0.9333333333333332;0.5555555555555555;0.5555555555555555;0.5555555555555555;0.5166666666666667;0.5166666666666667;0.5166666666666667;0.0;0.0;0.0;1.0;1.0;1.0;0.9333333333333332;0.9333333333333332;0.9333333333333332;0.0;0.0;0.0;0.0;0.0;0.0;0.0;0.0;0.0;-0.3694990463185855;4.545454545454546;182;8;0.04395604395604396
12;chamcotus.org;0.5787037037037037;0.6944444444444445;0.9259259259259259;0.49074074074074076;0.5;0.5185185185185185;0.0;0.0;0.0;0.888888888888889;0.9185185185185185;0.9333333333333332;0.5555555555555555;0.6137566137566138;0.6428571428571429;1.0;1.0;1.0;0.0;0.32407407407407407;0.4861111111111111;0.0;0.0;0.0;0.888888888888889;0.9185185185185185;0.9333333333333332;0.5555555555555555;0.6137566137566138;0.6428571428571429;1.0;1.0;1.0;0.0;0.0;0.0;0.0;0.0;0.0;0.1847495231592927;8.823529411764707;254;25;0.0984251968503937
12;cision.com;0.611111111111111;0.611111111111111;0.611111111111111;0.611111111111111;0.611111111111111;0.611111111111111;0.0;0.0;0.0;0.9333333333333332;0.9333333333333332;0.9333333333333332;0.611111111111111;0.611111111111111;0.611111111111111;0.6333333333333333;0.6333333333333333;0.6333333333333333;0.5111111111111111;0.5111111111111111;0.5111111111111111;0.0;0.0;0.0;0.9333333333333332;0.9333333333333332;0.9333333333333332;0.611111111111111;0.611111111111111;0.611111111111111;0.5277777777777778;0.5277777777777778;0.5277777777777778;0.0;0.0;0.0;0.0;0.0;0.0;-0.3694990463185855;2.9411764705882355;254;4;0.015748031496062992
12;efgs.info;0.9259259259259259;0.9259259259259259;0.9259259259259259;0.9259259259259259;0.9259259259259259;0.9259259259259259;0.0;0.0;0.0;0.923076923076923;0.9615384615384615;1.0;0.888888888888889;0.888888888888889;0.888888888888889;1.0;1.0;1.0;0.48333333333333334;0.48333333333333334;0.48333333333333334;0.0;0.0;0.0;0.923076923076923;0.9615384615384615;1.0;0.888888888888889;0.888888888888889;0.888888888888889;1.0;1.0;1.0;0.5277777777777778;0.5277777777777778;0.5277777777777778;0.0;0.0;0.0;-0.09237476157964641;5.882352941176471;254;16;0.06299212598425197
12;evry.com;0.5026455026455027;0.5493793243793244;0.58005698005698;0.5740740740740741;0.5740740740740741;0.5740740740740741;0.0;0.0;0.0;0.75;0.8930555555555555;1.0;0.9333333333333332;0.9333333333333332;0.9333333333333332;0.5277777777777778;0.6225427350427349;0.6888888888888888;0.0;0.3444444444444444;0.6888888888888888;0.0;0.0;0.0;0.75;0.8930555555555555;1.0;0.9333333333333332;0.9333333333333332;0.9333333333333332;0.0;0.2638888888888889;0.5277777777777778;0.0;0.0;0.0;0.0;0.0;0.0;0.4618738078982318;11.764705882352942;254;29;0.1141732283464567
12;github.com;0.6296296296296297;0.6296296296296297;0.6296296296296297;0.6296296296296297;0.6296296296296297;0.6296296296296297;0.0;0.0;0.0;1.0;1.0;1.0;1.0;1.0;1.0;0.5277777777777778;0.5277777777777778;0.5277777777777778;0.5277777777777778;0.5277777777777778;0.5277777777777778;0.0;0.0;0.0;1.0;1.0;1.0;1.0;1.0;1.0;0.0;0.0;0.0;0.0;0.0;0.0;0.0;0.0;0.0;-0.3694990463185855;2.9411764705882355;254;5;0.01968503937007874
12;go.jp;0.9259259259259259;0.9259259259259259;0.9259259259259259;0.4537037037037037;0.4537037037037037;0.4537037037037037;0.0;0.0;0.0;1.0;1.0;1.0;0.9333333333333332;0.9333333333333332;0.9333333333333332;0.5111111111111111;0.7555555555555555;1.0;0.5277777777777778;0.5277777777777778;0.5277777777777778;0.0;0.0;0.0;1.0;1.0;1.0;0.9333333333333332;0.9333333333333332;0.9333333333333332;1.0;1.0;1.0;0.0;0.0;0.0;0.0;0.0;0.0;-0.09237476157964641;5.882352941176471;254;17;0.06692913385826772
12;ine.pt;0.6296296296296297;0.6296296296296297;0.6296296296296297;0.5007122507122507;0.5007122507122507;0.5007122507122507;0.0;0.0;0.0;1.0;1.0;1.0;0.611111111111111;0.611111111111111;0.611111111111111;0.5111111111111111;0.5111111111111111;0.5111111111111111;0.4920634920634921;0.4920634920634921;0.4920634920634921;0.0;0.0;0.0;1.0;1.0;1.0;0.611111111111111;0.611111111111111;0.611111111111111;0.5277777777777778;0.5277777777777778;0.5277777777777778;0.5277777777777778;0.5277777777777778;0.5277777777777778;0.0;0.0;0.0;-0.3694990463185855;2.9411764705882355;254;10;0.03937007874015748
12;nordiclabourjournal.org;0.5026455026455027;0.5105820105820106;0.5185185185185185;0.5407407407407407;0.5407407407407407;0.5407407407407407;0.0;0.0;0.0;0.8962962962962964;0.8962962962962964;0.8962962962962964;0.9333333333333332;0.9333333333333332;0.9333333333333332;0.5555555555555555;0.5555555555555555;0.5555555555555555;0.48148148148148145;0.48148148148148145;0.48148148148148145;0.0;0.0;0.0;0.8962962962962964;0.8962962962962964;0.8962962962962964;0.9333333333333332;0.9333333333333332;0.9333333333333332;0.5277777777777778;0.5277777777777778;0.5277777777777778;0.0;0.0;0.0;0.0;0.0;0.0;-0.09237476157964641;5.882352941176471;254;12;0.047244094488188976
12;odyssee-mure.eu;0.5444444444444444;0.5444444444444444;0.5444444444444444;0.4761904761904761;0.4761904761904761;0.4761904761904761;0.0;0.0;0.0;0.9333333333333332;0.9333333333333332;0.9333333333333332;0.5738095238095239;0.5738095238095239;0.5738095238095239;0.5555555555555555;0.5555555555555555;0.5555555555555555;0.4920634920634921;0.4920634920634921;0.4920634920634921;0.0;0.0;0.0;0.9333333333333332;0.9333333333333332;0.9333333333333332;0.5738095238095239;0.5738095238095239;0.5738095238095239;0.0;0.0;0.0;0.0;0.0;0.0;0.0;0.0;0.0;-0.3694990463185855;2.9411764705882355;254;8;0.031496062992125984
12;organic-world.net;0.9259259259259259;0.9259259259259259;0.9259259259259259;0.5026455026455027;0.5026455026455027;0.5026455026455027;0.0;0.0;0.0;1.0;1.0;1.0;0.5777777777777778;0.5777777777777778;0.5777777777777778;1.0;1.0;1.0;0.5111111111111111;0.5111111111111111;0.5111111111111111;0.0;0.0;0.0;1.0;1.0;1.0;0.5777777777777778;0.5777777777777778;0.5777777777777778;1.0;1.0;1.0;0.0;0.0;0.0;0.0;0.0;0.0;-0.09237476157964641;5.882352941176471;254;13;0.051181102362204724
12;ripe.net;0.6296296296296297;0.6296296296296297;0.6296296296296297;0.4037037037037037;0.4037037037037037;0.4037037037037037;0.0;0.0;0.0;1.0;1.0;1.0;0.9333333333333332;0.9333333333333332;0.9333333333333332;0.6242424242424242;0.6242424242424242;0.6242424242424242;0.0;0.0;0.0;0.0;0.0;0.0;1.0;1.0;1.0;0.9333333333333332;0.9333333333333332;0.9333333333333332;0.5909090909090909;0.5909090909090909;0.5909090909090909;0.0;0.0;0.0;0.0;0.0;0.0;-0.3694990463185855;2.9411764705882355;254;4;0.015748031496062992
12;scb.se;0.5694444444444444;0.8081275720164609;0.9259259259259259;0.4037037037037037;0.4556464112019667;0.4761904761904761;0.0;0.0;0.0;0.6666666666666666;0.9259259259259258;1.0;0.49523809523809526;0.6748196248196249;0.9333333333333332;0.5111111111111111;0.7697530864197532;1.0;0.0;0.3289241622574956;0.5;0.0;0.0;0.0;0.6666666666666666;0.9259259259259258;1.0;0.49523809523809526;0.6748196248196249;0.9333333333333332;0.0;0.5030864197530864;1.0;0.0;0.0;0.0;0.0;0.0;0.0;1.8474952315929272;26.470588235294116;254;80;0.31496062992125984
12;semanticscholar.org;0.6296296296296297;0.6296296296296297;0.6296296296296297;0.5026455026455027;0.5026455026455027;0.5026455026455027;0.0;0.0;0.0;1.0;1.0;1.0;0.5777777777777778;0.5777777777777778;0.5777777777777778;0.5277777777777778;0.5277777777777778;0.5277777777777778;0.5277777777777778;0.5277777777777778;0.5277777777777778;0.0;0.0;0.0;1.0;1.0;1.0;0.5777777777777778;0.5777777777777778;0.5777777777777778;0.0;0.0;0.0;0.0;0.0;0.0;0.0;0.0;0.0;-0.3694990463185855;2.9411764705882355;254;4;0.015748031496062992
12;stackoverflow.com;0.5925925925925926;0.5925925925925926;0.5925925925925926;0.5740740740740741;0.5740740740740741;0.5740740740740741;0.0;0.0;0.0;0.9333333333333332;0.9333333333333332;0.9333333333333332;0.9333333333333332;0.9333333333333332;0.9333333333333332;0.5277777777777778;0.5277777777777778;0.5277777777777778;0.5555555555555555;0.5555555555555555;0.5555555555555555;0.0;0.0;0.0;0.9333333333333332;0.9333333333333332;0.9333333333333332;0.9333333333333332;0.9333333333333332;0.9333333333333332;0.0;0.0;0.0;0.0;0.0;0.0;0.0;0.0;0.0;-0.09237476157964641;5.882352941176471;254;15;0.05905511811023622
12;swish.nu;0.7777777777777777;0.7777777777777777;0.7777777777777777;0.5407407407407407;0.5407407407407407;0.5407407407407407;0.0;0.0;0.0;0.9377777777777778;0.9377777777777778;0.9377777777777778;0.45555555555555555;0.45555555555555555;0.45555555555555555;0.4920634920634921;0.4920634920634921;0.4920634920634921;0.0;0.0;0.0;0.0;0.0;0.0;0.9377777777777778;0.9377777777777778;0.9377777777777778;0.45555555555555555;0.45555555555555555;0.45555555555555555;0.5277777777777778;0.5277777777777778;0.5277777777777778;0.0;0.0;0.0;0.0;0.0;0.0;-0.3694990463185855;2.9411764705882355;254;5;0.01968503937007874
12;voorburggroup.org;0.6296296296296297;0.6296296296296297;0.6296296296296297;0.4761904761904761;0.4761904761904761;0.4761904761904761;0.0;0.0;0.0;1.0;1.0;1.0;0.9333333333333332;0.9333333333333332;0.9333333333333332;0.5111111111111111;0.5111111111111111;0.5111111111111111;0.5111111111111111;0.5111111111111111;0.5111111111111111;0.0;0.0;0.0;1.0;1.0;1.0;0.9333333333333332;0.9333333333333332;0.9333333333333332;0.5277777777777778;0.5277777777777778;0.5277777777777778;0.0;0.0;0.0;0.0;0.0;0.0;-0.3694990463185855;2.9411764705882355;254;7;0.027559055118110236
13;ac.uk;0.611111111111111;0.776111111111111;0.888888888888889;0.5277777777777778;0.6376068376068376;0.888888888888889;0.0;0.0;0.0;1.0;1.0;1.0;0.6666666666666666;0.8301587301587301;1.0;1.0;1.0;1.0;0.5995670995670995;0.7555311355311355;1.0;0.0;0.0;0.0;1.0;1.0;1.0;0.6666666666666666;0.8301587301587301;1.0;0.4537037037037037;0.5318518518518518;0.611111111111111;0.0;0.27050264550264547;0.4583333333333333;0.0;0.0;0.0;0.7389980926371709;35.714285714285715;129;44;0.34108527131782945
13;academia.edu;0.6666666666666666;0.6666666666666666;0.6666666666666666;0.6666666666666666;0.6666666666666666;0.6666666666666666;0.0;0.0;0.0;1.0;1.0;1.0;0.6388888888888888;0.6388888888888888;0.6388888888888888;1.0;1.0;1.0;0.825;0.825;0.825;0.0;0.0;0.0;1.0;1.0;1.0;0.6388888888888888;0.6388888888888888;0.6388888888888888;0.5833333333333334;0.5833333333333334;0.5833333333333334;0.0;0.0;0.0;0.0;0.0;0.0;-0.3694990463185855;7.142857142857143;129;10;0.07751937984496124
13;adruk.org;0.6666666666666666;0.6666666666666666;0.6666666666666666;0.5277777777777778;0.5277777777777778;0.5277777777777778;0.0;0.0;0.0;1.0;1.0;1.0;1.0;1.0;1.0;0.8424242424242424;0.8424242424242424;0.8424242424242424;0.8424242424242424;0.8424242424242424;0.8424242424242424;0.0;0.0;0.0;1.0;1.0;1.0;1.0;1.0;1.0;0.5277777777777778;0.5277777777777778;0.5277777777777778;0.0;0.0;0.0;0.0;0.0;0.0;-0.3694990463185855;7.142857142857143;129;10;0.07751937984496124
13;gov.scot;0.888888888888889;0.888888888888889;0.888888888888889;0.5396825396825397;0.5698412698412698;0.6;0.0;0.0;0.0;0.8424242424242424;0.9212121212121211;1.0;0.6333333333333333;0.6800925925925925;0.7268518518518517;1.0;1.0;1.0;0.9333333333333332;0.9666666666666666;1.0;0.0;0.0;0.0;0.8424242424242424;0.9212121212121211;1.0;0.6333333333333333;0.6800925925925925;0.7268518518518517;0.5555555555555555;0.5555555555555555;0.5555555555555555;0.4861111111111111;0.5069444444444444;0.5277777777777778;0.0;0.0;0.0;-0.09237476157964641;14.285714285714286;129;17;0.13178294573643412
13;jstor.org;0.6666666666666666;0.7777777777777778;0.888888888888889;0.5277777777777778;0.5277777777777778;0.5277777777777778;0.0;0.0;0.0;1.0;1.0;1.0;1.0;1.0;1.0;1.0;1.0;1.0;1.0;1.0;1.0;0.0;0.0;0.0;1.0;1.0;1.0;1.0;1.0;1.0;0.46428571428571425;0.4821428571428571;0.5;0.0;0.0;0.0;0.0;0.0;0.0;-0.09237476157964641;14.285714285714286;129;19;0.14728682170542637
13;nhs.uk;0.6666666666666666;0.6666666666666666;0.6666666666666666;0.5396825396825397;0.5396825396825397;0.5396825396825397;0.0;0.0;0.0;1.0;1.0;1.0;0.6507936507936508;0.6507936507936508;0.6507936507936508;0.8424242424242424;0.8424242424242424;0.8424242424242424;0.5952380952380952;0.5952380952380952;0.5952380952380952;0.0;0.0;0.0;1.0;1.0;1.0;0.6507936507936508;0.6507936507936508;0.6507936507936508;0.5277777777777778;0.5277777777777778;0.5277777777777778;0.0;0.0;0.0;0.0;0.0;0.0;-0.3694990463185855;7.142857142857143;129;9;0.06976744186046512
13;org.uk;0.5396825396825397;0.7142857142857143;0.888888888888889;0.5277777777777778;0.5972222222222222;0.6666666666666666;0.0;0.0;0.0;1.0;1.0;1.0;1.0;1.0;1.0;0.8666666666666667;0.9333333333333333;1.0;0.8424242424242424;0.8424242424242424;0.8424242424242424;0.0;0.0;0.0;1.0;1.0;1.0;1.0;1.0;1.0;0.48333333333333334;0.5055555555555555;0.5277777777777778;0.0;0.0;0.0;0.0;0.0;0.0;-0.09237476157964641;14.285714285714286;129;20;0.15503875968992248
14;cb.is;0.6296296296296297;0.6296296296296297;0.6296296296296297;0.5026455026455027;0.5026455026455027;0.5026455026455027;0.0;0.0;0.0;0.9436363636363637;0.9436363636363637;0.9436363636363637;0.9333333333333332;0.9333333333333332;0.9333333333333332;0.6595959595959596;0.6595959595959596;0.6595959595959596;0.5333333333333333;0.5333333333333333;0.5333333333333333;0.0;0.0;0.0;0.9436363636363637;0.9436363636363637;0.9436363636363637;0.9333333333333332;0.9333333333333332;0.9333333333333332;0.0;0.0;0.0;0.0;0.0;0.0;0.0;0.0;0.0;-0.3694990463185855;4.545454545454546;176;4;0.022727272727272728
14;co.za;0.9259259259259259;0.9259259259259259;0.9259259259259259;0.5444444444444444;0.7351851851851852;0.9259259259259259;0.0;0.0;0.0;0.9047619047619048;0.9047619047619048;0.9047619047619048;0.6;0.7523809523809524;0.9047619047619048;1.0;1.0;1.0;0.9333333333333332;0.9333333333333332;0.9333333333333332;0.0;0.0;0.0;0.9047619047619048;0.9047619047619048;0.9047619047619048;0.6;0.7523809523809524;0.9047619047619048;0.5555555555555555;0.5555555555555555;0.5555555555555555;0.0;0.0;0.0;0.0;0.0;0.0;-0.09237476157964641;9.090909090909092;176;16;0.09090909090909091
14;efta.int;0.5353535353535354;0.5353535353535354;0.5353535353535354;0.5740740740740741;0.5740740740740741;0.5740740740740741;0.0;0.0;0.0;0.9436363636363637;0.9436363636363637;0.9436363636363637;0.6597402597402597;0.6597402597402597;0.6597402597402597;0.6595959595959596;0.6595959595959596;0.6595959595959596;0.5515151515151515;0.5515151515151515;0.5515151515151515;0.0;0.0;0.0;0.9436363636363637;0.9436363636363637;0.9436363636363637;0.6597402597402597;0.6597402597402597;0.6597402597402597;0.0;0.0;0.0;0.0;0.0;0.0;0.0;0.0;0.0;-0.09237476157964641;9.090909090909092;176;17;0.09659090909090909
14;ferdamalastofa.is;0.6296296296296297;0.6296296296296297;0.6296296296296297;0.5555555555555555;0.5555555555555555;0.5555555555555555;0.0;0.0;0.0;0.9436363636363637;0.9436363636363637;0.9436363636363637;0.9047619047619048;0.9047619047619048;0.9047619047619048;0.6666666666666666;0.6666666666666666;0.6666666666666666;0.5761904761904763;0.5761904761904763;0.5761904761904763;0.0;0.0;0.0;0.9436363636363637;0.9436363636363637;0.9436363636363637;0.9047619047619048;0.9047619047619048;0.9047619047619048;0.0;0.0;0.0;0.0;0.0;0.0;0.0;0.0;0.0;-0.3694990463185855;4.545454545454546;176;5;0.028409090909090908
14;government.is;0.8518518518518517;0.8518518518518517;0.8518518518518517;0.5026455026455027;0.5026455026455027;0.5026455026455027;0.0;0.0;0.0;0.8914285714285715;0.8914285714285715;0.8914285714285715;0.9047619047619048;0.9047619047619048;0.9047619047619048;1.0;1.0;1.0;0.5333333333333333;0.5333333333333333;0.5333333333333333;0.0;0.0;0.0;0.8914285714285715;0.8914285714285715;0.8914285714285715;0.9047619047619048;0.9047619047619048;0.9047619047619048;0.9166666666666666;0.9166666666666666;0.9166666666666666;0.5277777777777778;0.5277777777777778;0.5277777777777778;0.0;0.0;0.0;-0.3694990463185855;4.545454545454546;176;10;0.056818181818181816
14;gu.se;0.6444444444444445;0.6444444444444445;0.6444444444444445;0.5185185185185185;0.5185185185185185;0.5185185185185185;0.0;0.0;0.0;0.9436363636363637;0.9436363636363637;0.9436363636363637;0.5111111111111111;0.5111111111111111;0.5111111111111111;0.65;0.65;0.65;0.5111111111111111;0.5111111111111111;0.5111111111111111;0.0;0.0;0.0;0.9436363636363637;0.9436363636363637;0.9436363636363637;0.5111111111111111;0.5111111111111111;0.5111111111111111;0.0;0.0;0.0;0.0;0.0;0.0;0.0;0.0;0.0;-0.09237476157964641;9.090909090909092;176;15;0.08522727272727272
14;hagstofa.is;0.5026455026455027;0.6772486772486772;0.8518518518518517;0.41203703703703703;0.4573412698412699;0.5026455026455027;0.0;0.0;0.0;0.9333333333333332;0.9333333333333332;0.9333333333333332;0.4226190476190476;0.6779761904761904;0.9333333333333332;0.7222222222222222;0.7740740740740741;0.825925925925926;0.5083333333333333;0.5208333333333333;0.5333333333333333;0.0;0.0;0.0;0.9333333333333332;0.9333333333333332;0.9333333333333332;0.4226190476190476;0.6779761904761904;0.9333333333333332;0.5277777777777778;0.625;0.7222222222222222;0.0;0.0;0.0;0.0;0.0;0.0;-0.09237476157964641;9.090909090909092;176;13;0.07386363636363637
14;nasdaqomxnordic.com;0.5873015873015873;0.5873015873015873;0.5873015873015873;0.4740740740740741;0.4740740740740741;0.4740740740740741;0.0;0.0;0.0;1.0;1.0;1.0;0.9333333333333332;0.9333333333333332;0.9333333333333332;0.5878787878787879;0.5878787878787879;0.5878787878787879;0.5333333333333333;0.5333333333333333;0.5333333333333333;0.0;0.0;0.0;1.0;1.0;1.0;0.9333333333333332;0.9333333333333332;0.9333333333333332;0.0;0.0;0.0;0.0;0.0;0.0;0.0;0.0;0.0;-0.3694990463185855;4.545454545454546;176;8;0.045454545454545456
14;sciendo.com;0.5026455026455027;0.5026455026455027;0.5026455026455027;0.546957671957672;0.546957671957672;0.546957671957672;0.0;0.0;0.0;0.9333333333333332;0.9333333333333332;0.9333333333333332;0.6666666666666666;0.6666666666666666;0.6666666666666666;0.7222222222222222;0.7222222222222222;0.7222222222222222;0.5666666666666667;0.5666666666666667;0.5666666666666667;0.0;0.0;0.0;0.9333333333333332;0.9333333333333332;0.9333333333333332;0.6666666666666666;0.6666666666666666;0.6666666666666666;0.5277777777777778;0.5277777777777778;0.5277777777777778;0.0;0.0;0.0;0.0;0.0;0.0;-0.3694990463185855;4.545454545454546;176;7;0.03977272727272727
14;statice.is;0.5026455026455027;0.6430776014109346;0.8518518518518517;0.5026455026455027;0.5131687242798353;0.5555555555555555;0.0;0.0;0.0;0.5952380952380952;0.8555715889049221;1.0;0.6571428571428571;0.8994708994708994;0.9333333333333332;0.5761904761904763;0.7099353321575546;1.0;0.5333333333333333;0.6201646090534979;0.7222222222222222;0.0;0.0;0.0;0.5952380952380952;0.8555715889049221;1.0;0.6571428571428571;0.8994708994708994;0.9333333333333332;0.0;0.537037037037037;1.0;0.0;0.23765432098765432;0.5555555555555555;0.0;0.0;0.0;1.8474952315929272;40.90909090909091;176;81;0.4602272727272727
2;e-estonia.com;0.5952380952380952;0.6190476190476191;0.6428571428571429;0.5761904761904763;0.5976190476190477;0.6190476190476191;0.0;0.0;0.0;1.0;1.0;1.0;0.9333333333333332;0.9333333333333332;0.9333333333333332;0.6888888888888888;0.7319444444444444;0.775;0.6888888888888888;0.6888888888888888;0.6888888888888888;0.0;0.0;0.0;1.0;1.0;1.0;0.9333333333333332;0.9333333333333332;0.9333333333333332;0.0;0.0;0.0;0.0;0.0;0.0;0.0;0.0;0.0;-0.09237476157964641;11.11111111111111;157;15;0.09554140127388536
2;escardio.org;0.6428571428571429;0.6428571428571429;0.6428571428571429;0.5079365079365079;0.5079365079365079;0.5079365079365079;0.0;0.0;0.0;1.0;1.0;1.0;0.9047619047619048;0.9047619047619048;0.9047619047619048;0.6888888888888888;0.6888888888888888;0.6888888888888888;0.5396825396825397;0.5396825396825397;0.5396825396825397;0.0;0.0;0.0;1.0;1.0;1.0;0.9047619047619048;0.9047619047619048;0.9047619047619048;0.6333333333333333;0.6333333333333333;0.6333333333333333;0.0;0.0;0.0;0.0;0.0;0.0;-0.3694990463185855;5.555555555555555;157;9;0.05732484076433121
2;researchinestonia.eu;0.6071428571428571;0.6071428571428571;0.6071428571428571;0.5079365079365079;0.5079365079365079;0.5079365079365079;0.0;0.0;0.0;0.9333333333333332;0.9333333333333332;0.9333333333333332;1.0;1.0;1.0;0.6888888888888888;0.6888888888888888;0.6888888888888888;0.5777777777777778;0.5777777777777778;0.5777777777777778;0.0;0.0;0.0;0.9333333333333332;0.9333333333333332;0.9333333333333332;1.0;1.0;1.0;0.6333333333333333;0.6333333333333333;0.6333333333333333;0.0;0.0;0.0;0.0;0.0;0.0;-0.3694990463185855;5.555555555555555;157;7;0.044585987261146494
2;rome2rio.com;0.9047619047619048;0.9047619047619048;0.9047619047619048;0.9047619047619048;0.9047619047619048;0.9047619047619048;0.0;0.0;0.0;0.6190476190476191;0.6190476190476191;0.6190476190476191;0.5396825396825397;0.5396825396825397;0.5396825396825397;0.8222222222222223;0.8222222222222223;0.8222222222222223;0.8222222222222223;0.8222222222222223;0.8222222222222223;0.0;0.0;0.0;0.6190476190476191;0.6190476190476191;0.6190476190476191;0.5396825396825397;0.5396825396825397;0.5396825396825397;0.6333333333333333;0.6333333333333333;0.6333333333333333;0.0;0.0;0.0;0.0;0.0;0.0;-0.3694990463185855;5.555555555555555;157;8;0.050955414012738856
2;stat.ee;0.6436507936507937;0.8368480725623584;0.9047619047619048;0.5670995670995671;0.5748917748917749;0.5761904761904763;0.0;0.0;0.0;0.9333333333333332;0.9348051948051948;0.9436363636363637;0.8424242424242424;0.9203463203463204;0.9333333333333332;0.6767676767676768;0.7823953823953824;0.8222222222222223;0.6767676767676768;0.6871572871572872;0.6888888888888888;0.0;0.0;0.0;0.9333333333333332;0.9348051948051948;0.9436363636363637;0.8424242424242424;0.9203463203463204;0.9333333333333332;0.6333333333333333;0.895238095238095;1.0;0.0;0.0;0.0;0.0;0.0;0.0;1.293246662115049;38.888888888888886;157;64;0.40764331210191085
2;travelocity.com;0.6428571428571429;0.6428571428571429;0.6428571428571429;0.9047619047619048;0.9047619047619048;0.9047619047619048;1.0;1.0;1.0;0.6333333333333333;0.6333333333333333;0.6333333333333333;0.5396825396825397;0.5396825396825397;0.5396825396825397;0.8222222222222223;0.8222222222222223;0.8222222222222223;0.8222222222222223;0.8222222222222223;0.8222222222222223;1.0;1.0;1.0;0.6333333333333333;0.6333333333333333;0.6333333333333333;0.5396825396825397;0.5396825396825397;0.5396825396825397;0.0;0.0;0.0;0.48333333333333334;0.48333333333333334;0.48333333333333334;1.0;1.0;1.0;-0.3694990463185855;5.555555555555555;157;9;0.05732484076433121
2;uefa.com;0.9047619047619048;0.9047619047619048;0.9047619047619048;0.5761904761904763;0.5761904761904763;0.5761904761904763;0.0;0.0;0.0;0.9047619047619048;0.9047619047619048;0.9047619047619048;0.9333333333333332;0.9333333333333332;0.9333333333333332;0.6428571428571429;0.6428571428571429;0.6428571428571429;0.6888888888888888;0.6888888888888888;0.6888888888888888;0.0;0.0;0.0;0.9047619047619048;0.9047619047619048;0.9047619047619048;0.9333333333333332;0.9333333333333332;0.9333333333333332;0.6333333333333333;0.6333333333333333;0.6333333333333333;0.0;0.0;0.0;0.0;0.0;0.0;-0.3694990463185855;5.555555555555555;157;9;0.05732484076433121
2;videolevels.com;0.9047619047619048;0.9047619047619048;0.9047619047619048;0.42857142857142855;0.42857142857142855;0.42857142857142855;0.0;0.0;0.0;0.9436363636363637;0.9436363636363637;0.9436363636363637;0.46507936507936504;0.46507936507936504;0.46507936507936504;0.8222222222222223;0.8222222222222223;0.8222222222222223;0.4365079365079365;0.4365079365079365;0.4365079365079365;0.0;0.0;0.0;0.9436363636363637;0.9436363636363637;0.9436363636363637;0.46507936507936504;0.46507936507936504;0.46507936507936504;1.0;1.0;1.0;0.0;0.0;0.0;0.0;0.0;0.0;-0.3694990463185855;5.555555555555555;157;10;0.06369426751592357
2;visitestonia.com;0.5761904761904763;0.5761904761904763;0.5761904761904763;0.5761904761904763;0.5761904761904763;0.5761904761904763;0.0;0.0;0.0;1.0;1.0;1.0;1.0;1.0;1.0;0.6888888888888888;0.6888888888888888;0.6888888888888888;0.6888888888888888;0.6888888888888888;0.6888888888888888;0.0;0.0;0.0;1.0;1.0;1.0;1.0;1.0;1.0;0.0;0.0;0.0;0.0;0.0;0.0;0.0;0.0;0.0;-0.3694990463185855;5.555555555555555;157;6;0.03821656050955414
2;yourcompanyinestonia.com;0.6190476190476191;0.6190476190476191;0.6190476190476191;0.5079365079365079;0.5079365079365079;0.5079365079365079;0.0;0.0;0.0;1.0;1.0;1.0;0.9047619047619048;0.9047619047619048;0.9047619047619048;0.7000000000000001;0.7000000000000001;0.7000000000000001;0.5555555555555555;0.5555555555555555;0.5555555555555555;0.0;0.0;0.0;1.0;1.0;1.0;0.9047619047619048;0.9047619047619048;0.9047619047619048;0.6333333333333333;0.6333333333333333;0.6333333333333333;0.0;0.0;0.0;0.0;0.0;0.0;-0.09237476157964641;11.11111111111111;157;20;0.12738853503184713
3;equipe.com;0.6370370370370371;0.6566137566137566;0.6761904761904761;0.5407407407407407;0.6084656084656084;0.6761904761904761;0.0;0.0;0.0;0.6231481481481481;0.6615740740740741;0.7000000000000001;0.5619047619047619;0.5809523809523809;0.6;0.611111111111111;0.6555555555555556;0.7000000000000001;0.5396825396825397;0.5507936507936508;0.5619047619047619;0.0;0.0;0.0;0.6231481481481481;0.6615740740740741;0.7000000000000001;0.5619047619047619;0.5809523809523809;0.6;0.48333333333333334;0.5027777777777778;0.5222222222222223;0.48333333333333334;0.48333333333333334;0.48333333333333334;0.0;0.0;0.0;-0.09237476157964641;4.545454545454546;288;14;0.04861111111111111
3;genderportal.eu;0.7333333333333334;0.7333333333333334;0.7333333333333334;0.6700336700336701;0.6700336700336701;0.6700336700336701;0.0;0.0;0.0;1.0;1.0;1.0;0.8666666666666667;0.8666666666666667;0.8666666666666667;0.611111111111111;0.611111111111111;0.611111111111111;0.5909090909090909;0.5909090909090909;0.5909090909090909;0.0;0.0;0.0;1.0;1.0;1.0;0.8666666666666667;0.8666666666666667;0.8666666666666667;0.0;0.0;0.0;0.0;0.0;0.0;0.0;0.0;0.0;-0.3694990463185855;2.272727272727273;288;9;0.03125
3;ibm.com;0.6481481481481481;0.6481481481481481;0.6481481481481481;0.5833333333333334;0.5916666666666667;0.6;0.0;0.0;0.0;0.7373737373737373;0.7373737373737373;0.7373737373737373;0.6164021164021164;0.6248677248677248;0.6333333333333333;0.8;0.8;0.8;0.5888888888888889;0.5972222222222222;0.6055555555555555;0.0;0.0;0.0;0.7373737373737373;0.7373737373737373;0.7373737373737373;0.6164021164021164;0.6248677248677248;0.6333333333333333;0.5111111111111111;0.5111111111111111;0.5111111111111111;0.3952380952380952;0.3952380952380952;0.3952380952380952;0.0;0.0;0.0;-0.09237476157964641;4.545454545454546;288;8;0.027777777777777776
3;inria.fr;0.6583333333333333;0.6583333333333333;0.6583333333333333;0.5619047619047619;0.5619047619047619;0.5619047619047619;0.0;0.0;0.0;0.7416666666666667;0.7416666666666667;0.7416666666666667;0.6583333333333333;0.6583333333333333;0.6583333333333333;0.6450216450216449;0.6450216450216449;0.6450216450216449;0.5619047619047619;0.5619047619047619;0.5619047619047619;0.0;0.0;0.0;0.7416666666666667;0.7416666666666667;0.7416666666666667;0.6583333333333333;0.6583333333333333;0.6583333333333333;0.0;0.0;0.0;0.0;0.0;0.0;0.0;0.0;0.0;-0.3694990463185855;2.272727272727273;288;1;0.003472222222222222
3;insee.fr;0.5694444444444444;0.6719180339550709;0.9259259259259259;0.4666666666666666;0.5644200449756005;0.6700336700336701;0.0;0.0;0.0;0.611111111111111;0.9228101116990008;1.0;0.5873015873015873;0.849171164911906;0.9259259259259259;0.6428571428571429;0.8269694297472077;1.0;0.5888888888888889;0.6424188979744535;0.7833333333333333;0.0;0.0;0.0;0.611111111111111;0.9228101116990008;1.0;0.5873015873015873;0.849171164911906;0.9259259259259259;0.0;0.5475308641975306;1.0;0.0;0.2314814814814815;0.6333333333333333;0.0;0.0;0.0;6.835732356893832;61.36363636363637;288;187;0.6493055555555556
3;persee.fr;0.611111111111111;0.611111111111111;0.611111111111111;0.5873015873015873;0.5873015873015873;0.5873015873015873;0.0;0.0;0.0;1.0;1.0;1.0;0.6888888888888888;0.6888888888888888;0.6888888888888888;0.76;0.76;0.76;0.825;0.825;0.825;0.0;0.0;0.0;1.0;1.0;1.0;0.6888888888888888;0.6888888888888888;0.6888888888888888;0.0;0.0;0.0;0.0;0.0;0.0;0.0;0.0;0.0;-0.3694990463185855;2.272727272727273;288;2;0.006944444444444444
3;salondesmaires.com;0.5740740740740741;0.5740740740740741;0.5740740740740741;0.6026936026936026;0.6026936026936026;0.6026936026936026;0.0;0.0;0.0;0.9259259259259259;0.9259259259259259;0.9259259259259259;0.6296296296296297;0.6296296296296297;0.6296296296296297;0.746031746031746;0.746031746031746;0.746031746031746;0.5777777777777778;0.5777777777777778;0.5777777777777778;0.0;0.0;0.0;0.9259259259259259;0.9259259259259259;0.9259259259259259;0.6296296296296297;0.6296296296296297;0.6296296296296297;0.0;0.0;0.0;0.0;0.0;0.0;0.0;0.0;0.0;-0.3694990463185855;2.272727272727273;288;4;0.013888888888888888
3;sirene.fr;1.0;1.0;1.0;0.6203703703703703;0.6203703703703703;0.6203703703703703;0.0;0.0;0.0;0.8666666666666667;0.8666666666666667;0.8666666666666667;0.7388888888888889;0.7388888888888889;0.7388888888888889;1.0;1.0;1.0;0.6666666666666666;0.6666666666666666;0.6666666666666666;0.0;0.0;0.0;0.8666666666666667;0.8666666666666667;0.8666666666666667;0.7388888888888889;0.7388888888888889;0.7388888888888889;1.0;1.0;1.0;0.0;0.0;0.0;0.0;0.0;0.0;-0.3694990463185855;2.272727272727273;288;6;0.020833333333333332
3;stat-togo.org;0.6818181818181818;0.6818181818181818;0.6818181818181818;0.5740740740740741;0.5740740740740741;0.5740740740740741;0.0;0.0;0.0;0.8133333333333332;0.8133333333333332;0.8133333333333332;0.4583333333333333;0.4583333333333333;0.4583333333333333;0.6428571428571429;0.6428571428571429;0.6428571428571429;0.0;0.0;0.0;0.0;0.0;0.0;0.8133333333333332;0.8133333333333332;0.8133333333333332;0.4583333333333333;0.4583333333333333;0.4583333333333333;0.0;0.0;0.0;0.0;0.0;0.0;0.0;0.0;0.0;-0.3694990463185855;2.272727272727273;288;7;0.024305555555555556
3;thefreedictionary.com;0.9259259259259259;0.9259259259259259;0.9259259259259259;0.5619047619047619;0.5619047619047619;0.5619047619047619;0.0;0.0;0.0;0.5888888888888889;0.5888888888888889;0.5888888888888889;0.8607407407407408;0.8607407407407408;0.8607407407407408;1.0;1.0;1.0;0.6190476190476191;0.6190476190476191;0.6190476190476191;0.0;0.0;0.0;0.5888888888888889;0.5888888888888889;0.5888888888888889;0.8607407407407408;0.8607407407407408;0.8607407407407408;1.0;1.0;1.0;0.0;0.0;0.0;0.0;0.0;0.0;-0.3694990463185855;2.272727272727273;288;9;0.03125
3;wikimedia.org;0.6444444444444445;0.7382716049382716;0.9259259259259259;0.5648148148148148;0.5679012345679012;0.5694444444444444;0.0;0.0;0.0;0.6888888888888888;0.7925925925925924;1.0;0.5407407407407407;0.8469135802469135;1.0;0.5777777777777778;0.7185185185185187;1.0;0.5277777777777778;0.5277777777777778;0.5277777777777778;0.0;0.0;0.0;0.6888888888888888;0.7925925925925924;1.0;0.5407407407407407;0.8469135802469135;1.0;0.48333333333333334;0.6555555555555556;1.0;0.0;0.0;0.0;0.0;0.0;0.0;0.1847495231592927;6.818181818181818;288;19;0.06597222222222222
3;wiley.com;0.6761904761904761;0.838095238095238;1.0;0.6203703703703703;0.6203703703703703;0.6203703703703703;0.0;0.0;0.0;0.8666666666666667;0.9333333333333333;1.0;0.6033670033670034;0.6033670033670034;0.6033670033670034;1.0;1.0;1.0;0.5619047619047619;0.5619047619047619;0.5619047619047619;0.0;0.0;0.0;0.8666666666666667;0.9333333333333333;1.0;0.6033670033670034;0.6033670033670034;0.6033670033670034;0.48333333333333334;0.7416666666666667;1.0;0.0;0.0;0.0;0.0;0.0;0.0;-0.09237476157964641;4.545454545454546;288;13;0.04513888888888889
3;worldsporttiming.com;0.611111111111111;0.611111111111111;0.611111111111111;0.5873015873015873;0.5873015873015873;0.5873015873015873;0.0;0.0;0.0;0.6333333333333333;0.6333333333333333;0.6333333333333333;0.5777777777777778;0.5777777777777778;0.5777777777777778;0.6011904761904762;0.6011904761904762;0.6011904761904762;0.5396825396825397;0.5396825396825397;0.5396825396825397;0.0;0.0;0.0;0.6333333333333333;0.6333333333333333;0.6333333333333333;0.5777777777777778;0.5777777777777778;0.5777777777777778;0.48333333333333334;0.48333333333333334;0.48333333333333334;0.48333333333333334;0.48333333333333334;0.48333333333333334;0.0;0.0;0.0;-0.3694990463185855;2.272727272727273;288;9;0.03125
4;bjango.com;0.6333333333333333;0.6642857142857143;0.7261904761904763;0.48333333333333334;0.5579365079365078;0.5952380952380952;0.0;0.0;0.0;0.6583333333333333;0.6583333333333333;0.6583333333333333;0.5738095238095239;0.6019841269841271;0.6583333333333333;0.6888888888888888;0.7362962962962962;0.76;0.5777777777777778;0.6148148148148148;0.6888888888888888;0.0;0.0;0.0;0.88;0.88;0.88;0.6761904761904761;0.7441269841269841;0.88;0.0;0.0;0.0;0.0;0.0;0.0;0.0;0.0;0.0;0.1847495231592927;6.666666666666667;293;19;0.06484641638225255
4;cesarebalboinn.com;0.8333333333333334;0.8333333333333334;0.8333333333333334;0.5740740740740741;0.5740740740740741;0.5740740740740741;0.0;0.0;0.0;0.7268518518518517;0.7268518518518517;0.7268518518518517;0.6666666666666666;0.6666666666666666;0.6666666666666666;0.888888888888889;0.888888888888889;0.888888888888889;0.888888888888889;0.888888888888889;0.888888888888889;0.0;0.0;0.0;0.5777777777777778;0.5777777777777778;0.5777777777777778;0.5777777777777778;0.5777777777777778;0.5777777777777778;0.0;0.0;0.0;0.0;0.0;0.0;0.0;0.0;0.0;-0.3694990463185855;2.2222222222222223;293;9;0.030716723549488054
4;directaviation.aero;0.5952380952380952;0.5952380952380952;0.5952380952380952;0.6150793650793651;0.6150793650793651;0.6150793650793651;0.0;0.0;0.0;0.6571428571428571;0.6571428571428571;0.6571428571428571;0.5694444444444444;0.5694444444444444;0.5694444444444444;0.76;0.76;0.76;0.5777777777777778;0.5777777777777778;0.5777777777777778;0.0;0.0;0.0;0.7000000000000001;0.7000000000000001;0.7000000000000001;0.44761904761904764;0.44761904761904764;0.44761904761904764;0.0;0.0;0.0;0.0;0.0;0.0;0.0;0.0;0.0;-0.3694990463185855;2.2222222222222223;293;3;0.010238907849829351
4;harvard.edu;0.5277777777777778;0.5277777777777778;0.5277777777777778;0.5317460317460317;0.5317460317460317;0.5317460317460317;0.0;0.0;0.0;0.8366666666666667;0.8366666666666667;0.8366666666666667;0.44841269841269843;0.44841269841269843;0.44841269841269843;0.7000000000000001;0.7000000000000001;0.7000000000000001;0.49404761904761907;0.49404761904761907;0.49404761904761907;0.0;0.0;0.0;1.0;1.0;1.0;0.4158730158730159;0.4158730158730159;0.4158730158730159;1.0;1.0;1.0;0.0;0.0;0.0;0.0;0.0;0.0;-0.3694990463185855;2.2222222222222223;293;7;0.023890784982935155
4;hotelviminaleroma.com;0.6666666666666666;0.6666666666666666;0.6666666666666666;0.6666666666666666;0.6666666666666666;0.6666666666666666;0.0;0.0;0.0;0.7268518518518517;0.7268518518518517;0.7268518518518517;0.7268518518518517;0.7268518518518517;0.7268518518518517;0.888888888888889;0.888888888888889;0.888888888888889;0.6428571428571429;0.6428571428571429;0.6428571428571429;0.0;0.5;1.0;0.6888888888888888;0.736111111111111;0.7833333333333333;0.5619047619047619;0.5619047619047619;0.5619047619047619;0.0;0.0;0.0;0.0;0.0;0.0;0.0;0.0;0.0;-0.09237476157964641;4.444444444444445;293;14;0.04778156996587031
4;informatica.com;0.5833333333333334;0.5833333333333334;0.5833333333333334;0.5;0.5;0.5;0.0;0.0;0.0;0.8666666666666667;0.8666666666666667;0.8666666666666667;0.4537037037037037;0.4537037037037037;0.4537037037037037;0.7300000000000001;0.7300000000000001;0.7300000000000001;0.47222222222222215;0.47222222222222215;0.47222222222222215;0.0;0.0;0.0;0.7000000000000001;0.7000000000000001;0.7000000000000001;0.0;0.0;0.0;0.0;0.0;0.0;0.0;0.0;0.0;0.0;0.0;0.0;-0.3694990463185855;2.2222222222222223;293;2;0.006825938566552901
4;istat.it;0.5952380952380952;0.6938771468183234;0.8333333333333334;0.0;0.5227612257024021;0.5952380952380952;0.0;0.0;0.0;0.6148148148148148;0.8138828491769671;0.9818181818181818;0.0;0.650746965452848;0.8666666666666667;0.611111111111111;0.7968330362448012;0.888888888888889;0.0;0.5622782446311858;0.6666666666666666;0.0;0.0;0.0;0.6333333333333333;0.7476987718164189;0.8666666666666667;0.0;0.7368347338935576;0.8666666666666667;0.0;0.2522281639928699;1.0;0.0;0.0;0.0;0.0;0.0;0.0;4.06448950950444;37.77777777777778;293;129;0.4402730375426621
4;istat.org;0.5952380952380952;0.7303992303992304;0.8333333333333334;0.0;0.5473985890652557;0.7261904761904763;0.0;0.0;0.0;0.5738095238095239;0.6851723585056918;0.8366666666666667;0.0;0.42169312169312173;0.5738095238095239;0.5619047619047619;0.6848057292501736;0.75;0.0;0.40228074394741065;0.611111111111111;0.0;0.0;0.0;0.6583333333333333;0.7703025369692037;1.0;0.0;0.45370370370370366;0.6761904761904761;0.0;0.11728395061728396;0.5277777777777778;0.0;0.0;0.0;0.0;0.0;0.0;1.8474952315929272;20.0;293;51;0.17406143344709898
4;kayak.com;0.8333333333333334;0.8333333333333334;0.8333333333333334;0.6666666666666666;0.6666666666666666;0.6666666666666666;0.0;0.0;0.0;0.7481481481481481;0.7481481481481481;0.7481481481481481;0.6296296296296297;0.6296296296296297;0.6296296296296297;0.888888888888889;0.888888888888889;0.888888888888889;0.888888888888889;0.888888888888889;0.888888888888889;0.0;0.0;0.0;0.6888888888888888;0.6888888888888888;0.6888888888888888;0.5777777777777778;0.5777777777777778;0.5777777777777778;0.0;0.0;0.0;0.0;0.0;0.0;0.0;0.0;0.0;-0.3694990463185855;2.2222222222222223;293;5;0.017064846416382253
4;nomics.world;0.5277777777777778;0.5277777777777778;0.5277777777777778;0.5833333333333334;0.5833333333333334;0.5833333333333334;0.0;0.0;0.0;0.6444444444444445;0.6444444444444445;0.6444444444444445;0.4583333333333333;0.4583333333333333;0.4583333333333333;0.75;0.75;0.75;0.44166666666666665;0.44166666666666665;0.44166666666666665;0.0;0.0;0.0;0.6333333333333333;0.6333333333333333;0.6333333333333333;0.0;0.0;0.0;0.0;0.0;0.0;0.5;0.5;0.5;0.0;0.0;0.0;-0.3694990463185855;2.2222222222222223;293;9;0.030716723549488054
4;pointofcare.abbott;0.48333333333333334;0.5632275132275132;0.611111111111111;0.48333333333333334;0.6308080808080808;0.7045454545454546;0.0;0.0;0.0;0.6203703703703703;0.6660493827160493;0.6888888888888888;0.5738095238095239;0.598589065255732;0.6481481481481481;0.6388888888888888;0.7329629629629629;0.7999999999999999;0.4920634920634921;0.5613756613756614;0.7000000000000001;0.0;0.0;0.0;0.6333333333333333;0.6777777777777779;0.7000000000000001;0.5777777777777778;0.6433862433862433;0.6761904761904761;0.0;0.17592592592592593;0.5277777777777778;0.0;0.0;0.0;0.0;0.0;0.0;0.1847495231592927;6.666666666666667;293;18;0.06143344709897611
4;rug.nl;0.7045454545454546;0.7045454545454546;0.7045454545454546;0.7375;0.7375;0.7375;0.0;0.0;0.0;0.9060606060606061;0.9060606060606061;0.9060606060606061;0.7268518518518517;0.7268518518518517;0.7268518518518517;0.825;0.825;0.825;0.5638888888888889;0.5638888888888889;0.5638888888888889;0.0;0.0;0.0;0.6848484848484849;0.6848484848484849;0.6848484848484849;0.6416666666666667;0.6416666666666667;0.6416666666666667;1.0;1.0;1.0;0.0;0.0;0.0;0.0;0.0;0.0;-0.3694990463185855;2.2222222222222223;293;6;0.020477815699658702
4;setapp.com;0.5833333333333334;0.5833333333333334;0.5833333333333334;0.5277777777777778;0.5277777777777778;0.5277777777777778;0.0;0.0;0.0;0.6833333333333332;0.6833333333333332;0.6833333333333332;0.6583333333333333;0.6583333333333333;0.6583333333333333;0.8666666666666667;0.8666666666666667;0.8666666666666667;0.6888888888888888;0.6888888888888888;0.6888888888888888;0.0;0.0;0.0;0.88;0.88;0.88;0.88;0.88;0.88;0.0;0.0;0.0;0.0;0.0;0.0;0.0;0.0;0.0;-0.3694990463185855;2.2222222222222223;293;1;0.0034129692832764505
4;trivago.com;0.6666666666666666;0.6666666666666666;0.6666666666666666;0.7222222222222222;0.7222222222222222;0.7222222222222222;1.0;1.0;1.0;0.6296296296296297;0.6296296296296297;0.6296296296296297;0.6296296296296297;0.6296296296296297;0.6296296296296297;0.888888888888889;0.888888888888889;0.888888888888889;0.888888888888889;0.888888888888889;0.888888888888889;1.0;1.0;1.0;0.6888888888888888;0.6888888888888888;0.6888888888888888;0.5777777777777778;0.5777777777777778;0.5777777777777778;0.5277777777777778;0.5277777777777778;0.5277777777777778;0.0;0.0;0.0;1.0;1.0;1.0;-0.3694990463185855;2.2222222222222223;293;10;0.034129692832764506
4;vimeo.com;0.8333333333333334;0.8333333333333334;0.8333333333333334;0.5952380952380952;0.5952380952380952;0.5952380952380952;0.0;0.0;0.0;0.5833333333333334;0.5833333333333334;0.5833333333333334;0.7333333333333334;0.7333333333333334;0.7333333333333334;0.6333333333333333;0.6333333333333333;0.6333333333333333;0.6666666666666666;0.6666666666666666;0.6666666666666666;0.0;0.0;0.0;0.6833333333333332;0.6833333333333332;0.6833333333333332;0.8666666666666667;0.8666666666666667;0.8666666666666667;0.0;0.0;0.0;0.0;0.0;0.0;0.0;0.0;0.0;-0.3694990463185855;2.2222222222222223;293;2;0.006825938566552901
4;yahoo.com;0.611111111111111;0.611111111111111;0.611111111111111;0.611111111111111;0.611111111111111;0.611111111111111;0.0;0.0;0.0;0.7333333333333334;0.7333333333333334;0.7333333333333334;0.7333333333333334;0.7333333333333334;0.7333333333333334;0.7333333333333334;0.7333333333333334;0.7333333333333334;0.6388888888888888;0.6388888888888888;0.6388888888888888;0.0;0.0;0.0;0.8666666666666667;0.8666666666666667;0.8666666666666667;0.8666666666666667;0.8666666666666667;0.8666666666666667;0.9166666666666666;0.9166666666666666;0.9166666666666666;1.0;1.0;1.0;0.0;0.0;0.0;-0.3694990463185855;2.2222222222222223;293;8;0.027303754266211604
5;com.cy;0.9047619047619048;0.9047619047619048;0.9047619047619048;0.5079365079365079;0.5079365079365079;0.5079365079365079;0.0;0.0;0.0;0.888888888888889;0.888888888888889;0.888888888888889;0.5616883116883117;0.5616883116883117;0.5616883116883117;0.7083333333333334;0.7083333333333334;0.7083333333333334;0.5396825396825397;0.5396825396825397;0.5396825396825397;0.0;0.0;0.0;0.888888888888889;0.888888888888889;0.888888888888889;0.5616883116883117;0.5616883116883117;0.5616883116883117;0.5833333333333334;0.5833333333333334;0.5833333333333334;0.0;0.0;0.0;0.0;0.0;0.0;-0.3694990463185855;4.0;201;5;0.024875621890547265
5;gov.cy;0.5396825396825397;0.7262566137566139;0.9047619047619048;0.4783549783549783;0.5422619047619047;0.6626984126984127;0.0;0.0;0.0;0.5492424242424242;0.8928872053872055;0.9393939393939394;0.4545454545454546;0.8382635882635883;0.9393939393939394;0.625;0.7702160493827159;0.9333333333333332;0.5;0.6087421837421837;0.9333333333333332;0.0;0.0;0.0;0.5492424242424242;0.8928872053872055;0.9393939393939394;0.4545454545454546;0.8382635882635883;0.9393939393939394;0.0;0.3333333333333333;1.0;0.0;0.0;0.0;0.0;0.0;0.0;4.341613794243379;72.0;201;153;0.7611940298507462
5;gov.tt;0.6309523809523809;0.6309523809523809;0.6309523809523809;0.5396825396825397;0.5396825396825397;0.5396825396825397;0.0;0.0;0.0;0.9436363636363637;0.9436363636363637;0.9436363636363637;0.9393939393939394;0.9393939393939394;0.9393939393939394;0.7000000000000001;0.7000000000000001;0.7000000000000001;0.6011904761904762;0.6011904761904762;0.6011904761904762;0.0;0.0;0.0;0.9436363636363637;0.9436363636363637;0.9436363636363637;0.9393939393939394;0.9393939393939394;0.9393939393939394;0.0;0.0;0.0;0.0;0.0;0.0;0.0;0.0;0.0;-0.3694990463185855;4.0;201;9;0.04477611940298507
5;healthdata.org;0.9047619047619048;0.9047619047619048;0.9047619047619048;0.4783549783549783;0.4783549783549783;0.4783549783549783;0.0;0.0;0.0;0.9393939393939394;0.9393939393939394;0.9393939393939394;0.9393939393939394;0.9393939393939394;0.9393939393939394;0.746031746031746;0.746031746031746;0.746031746031746;0.5492424242424242;0.5492424242424242;0.5492424242424242;0.0;0.0;0.0;0.9393939393939394;0.9393939393939394;0.9393939393939394;0.9393939393939394;0.9393939393939394;0.9393939393939394;0.0;0.0;0.0;0.0;0.0;0.0;0.0;0.0;0.0;-0.3694990463185855;4.0;201;5;0.024875621890547265
5;hellenicaworld.com;0.9047619047619048;0.9047619047619048;0.9047619047619048;0.5738095238095239;0.5738095238095239;0.5738095238095239;0.0;0.0;0.0;0.8337662337662337;0.8337662337662337;0.8337662337662337;0.6;0.6;0.6;0.9333333333333332;0.9333333333333332;0.9333333333333332;0.9333333333333332;0.9333333333333332;0.9333333333333332;0.0;0.0;0.0;0.8337662337662337;0.8337662337662337;0.8337662337662337;0.6;0.6;0.6;0.0;0.0;0.0;0.0;0.0;0.0;0.0;0.0;0.0;-0.3694990463185855;4.0;201;8;0.03980099502487562
5;moodys.com;0.6071428571428571;0.6071428571428571;0.6071428571428571;0.5079365079365079;0.5079365079365079;0.5079365079365079;0.0;0.0;0.0;0.9393939393939394;0.9393939393939394;0.9393939393939394;0.5616883116883117;0.5616883116883117;0.5616883116883117;0.6083333333333333;0.6083333333333333;0.6083333333333333;0.5396825396825397;0.5396825396825397;0.5396825396825397;0.0;0.0;0.0;0.9393939393939394;0.9393939393939394;0.9393939393939394;0.5616883116883117;0.5616883116883117;0.5616883116883117;0.5277777777777778;0.5277777777777778;0.5277777777777778;0.0;0.0;0.0;0.0;0.0;0.0;-0.3694990463185855;4.0;201;7;0.03482587064676617
5;org.cy;0.9047619047619048;0.9047619047619048;0.9047619047619048;0.4783549783549783;0.4783549783549783;0.4783549783549783;0.0;0.0;0.0;0.888888888888889;0.888888888888889;0.888888888888889;0.9393939393939394;0.9393939393939394;0.9393939393939394;0.8962962962962964;0.8962962962962964;0.8962962962962964;0.5492424242424242;0.5492424242424242;0.5492424242424242;0.0;0.0;0.0;0.888888888888889;0.888888888888889;0.888888888888889;0.9393939393939394;0.9393939393939394;0.9393939393939394;1.0;1.0;1.0;0.0;0.0;0.0;0.0;0.0;0.0;-0.3694990463185855;4.0;201;10;0.04975124378109453
5;transavia.com;0.5886243386243386;0.5886243386243386;0.5886243386243386;0.5886243386243386;0.5886243386243386;0.5886243386243386;0.0;0.0;0.0;0.9047619047619048;0.9047619047619048;0.9047619047619048;0.9047619047619048;0.9047619047619048;0.9047619047619048;0.6833333333333332;0.6833333333333332;0.6833333333333332;0.625;0.625;0.625;0.0;0.0;0.0;0.9047619047619048;0.9047619047619048;0.9047619047619048;0.9047619047619048;0.9047619047619048;0.9047619047619048;0.0;0.0;0.0;0.0;0.0;0.0;0.0;0.0;0.0;-0.3694990463185855;4.0;201;4;0.01990049751243781
6;cso.ie;0.6011904761904762;0.6011904761904762;0.6011904761904762;0.6190476190476191;0.6190476190476191;0.6190476190476191;0.0;0.0;0.0;0.9166666666666666;0.9166666666666666;0.9166666666666666;0.9333333333333332;0.9333333333333332;0.9333333333333332;0.5698717948717948;0.5698717948717948;0.5698717948717948;0.5499999999999999;0.5499999999999999;0.5499999999999999;0.0;0.0;0.0;0.9166666666666666;0.9166666666666666;0.9166666666666666;0.9333333333333332;0.9333333333333332;0.9333333333333332;0.6222222222222222;0.6222222222222222;0.6222222222222222;0.4920634920634921;0.4920634920634921;0.4920634920634921;0.0;0.0;0.0;-0.3694990463185855;3.0303030303030303;254;7;0.027559055118110236
6;geostat.ge;0.6507936507936508;0.6507936507936508;0.6507936507936508;0.6011904761904762;0.6011904761904762;0.6011904761904762;0.0;0.0;0.0;0.6388888888888888;0.6388888888888888;0.6388888888888888;0.9333333333333332;0.9333333333333332;0.9333333333333332;0.6388888888888888;0.6388888888888888;0.6388888888888888;0.5499999999999999;0.5499999999999999;0.5499999999999999;0.0;0.0;0.0;0.6388888888888888;0.6388888888888888;0.6388888888888888;0.9333333333333332;0.9333333333333332;0.9333333333333332;0.5555555555555555;0.5555555555555555;0.5555555555555555;0.4861111111111111;0.4861111111111111;0.4861111111111111;0.0;0.0;0.0;-0.3694990463185855;3.0303030303030303;254;4;0.015748031496062992
6;gov.cn;0.5952380952380952;0.5952380952380952;0.5952380952380952;0.6011904761904762;0.6011904761904762;0.6011904761904762;0.0;0.0;0.0;0.7000000000000001;0.7000000000000001;0.7000000000000001;0.9333333333333332;0.9333333333333332;0.9333333333333332;0.5833333333333334;0.5833333333333334;0.5833333333333334;0.5499999999999999;0.5499999999999999;0.5499999999999999;0.0;0.0;0.0;0.7000000000000001;0.7000000000000001;0.7000000000000001;0.9333333333333332;0.9333333333333332;0.9333333333333332;0.6666666666666666;0.6666666666666666;0.6666666666666666;0.4861111111111111;0.4861111111111111;0.4861111111111111;0.0;0.0;0.0;-0.3694990463185855;3.0303030303030303;254;6;0.023622047244094488
6;gov.in;0.6761904761904761;0.6761904761904761;0.6761904761904761;0.6011904761904762;0.6011904761904762;0.6011904761904762;0.0;0.0;0.0;0.9166666666666666;0.9166666666666666;0.9166666666666666;0.9333333333333332;0.9333333333333332;0.9333333333333332;0.7666666666666666;0.7666666666666666;0.7666666666666666;0.5499999999999999;0.5499999999999999;0.5499999999999999;0.0;0.0;0.0;0.9166666666666666;0.9166666666666666;0.9166666666666666;0.9333333333333332;0.9333333333333332;0.9333333333333332;0.5555555555555555;0.5555555555555555;0.5555555555555555;0.4861111111111111;0.4861111111111111;0.4861111111111111;0.0;0.0;0.0;-0.3694990463185855;3.0303030303030303;254;9;0.03543307086614173
6;gov.mt;0.6011904761904762;0.7799145299145298;0.8690476190476191;0.48333333333333334;0.5845543345543345;0.7904761904761904;0.0;0.0;0.0;0.6583333333333333;0.888969178969179;0.9436363636363637;0.5738095238095239;0.6846431346431346;0.9333333333333332;0.5833333333333334;0.7749084249084248;0.9166666666666666;0.0;0.47225829725829727;0.6262626262626263;0.0;0.0;0.0;0.6583333333333333;0.888969178969179;0.9436363636363637;0.5738095238095239;0.6846431346431346;0.9333333333333332;0.5111111111111111;0.7581196581196582;1.0;0.0;0.49456654456654464;0.6888888888888888;0.0;0.0;0.0;2.9559923705486835;39.39393939393939;254;105;0.41338582677165353
6;gov.pg;0.6507936507936508;0.6507936507936508;0.6507936507936508;0.6011904761904762;0.6011904761904762;0.6011904761904762;0.0;0.0;0.0;0.9166666666666666;0.9166666666666666;0.9166666666666666;0.9166666666666666;0.9166666666666666;0.9166666666666666;0.6011904761904762;0.6011904761904762;0.6011904761904762;0.5119047619047619;0.5119047619047619;0.5119047619047619;0.0;0.0;0.0;0.9166666666666666;0.9166666666666666;0.9166666666666666;0.9166666666666666;0.9166666666666666;0.9166666666666666;0.5277777777777778;0.5277777777777778;0.5277777777777778;0.4920634920634921;0.4920634920634921;0.4920634920634921;0.0;0.0;0.0;-0.09237476157964641;6.0606060606060606;254;16;0.06299212598425197
6;gov.ph;0.5111111111111111;0.5955433455433455;0.632967032967033;0.5026455026455027;0.527281746031746;0.6011904761904762;0.0;0.0;0.0;0.7676282051282052;0.8919070512820512;0.9333333333333332;0.9166666666666666;0.9291666666666666;0.9333333333333332;0.5138888888888888;0.5576388888888889;0.5833333333333334;0.4861111111111111;0.5340277777777778;0.5499999999999999;0.0;0.0;0.0;0.7676282051282052;0.8919070512820512;0.9333333333333332;0.9166666666666666;0.9291666666666666;0.9333333333333332;0.4920634920634921;0.5756673881673882;0.6666666666666666;0.48148148148148145;0.4826388888888889;0.4861111111111111;0.0;0.0;0.0;0.4618738078982318;12.121212121212121;254;35;0.1377952755905512
6;gov.sb;0.6011904761904762;0.6011904761904762;0.6011904761904762;0.6011904761904762;0.6011904761904762;0.6011904761904762;0.0;0.0;0.0;0.9333333333333332;0.9333333333333332;0.9333333333333332;0.9333333333333332;0.9333333333333332;0.9333333333333332;0.5499999999999999;0.5499999999999999;0.5499999999999999;0.5654761904761905;0.5654761904761905;0.5654761904761905;0.0;0.0;0.0;0.9333333333333332;0.9333333333333332;0.9333333333333332;0.9333333333333332;0.9333333333333332;0.9333333333333332;0.5;0.5;0.5;0.4920634920634921;0.4920634920634921;0.4920634920634921;0.0;0.0;0.0;-0.09237476157964641;6.0606060606060606;254;17;0.06692913385826772
6;maltaemployers.com;0.8690476190476191;0.8690476190476191;0.8690476190476191;0.6011904761904762;0.6011904761904762;0.6011904761904762;0.0;0.0;0.0;0.9333333333333332;0.9333333333333332;0.9333333333333332;0.9333333333333332;0.9333333333333332;0.9333333333333332;0.9166666666666666;0.9166666666666666;0.9166666666666666;0.5499999999999999;0.5499999999999999;0.5499999999999999;0.0;0.0;0.0;0.9333333333333332;0.9333333333333332;0.9333333333333332;0.9333333333333332;0.9333333333333332;0.9333333333333332;1.0;1.0;1.0;0.4861111111111111;0.4861111111111111;0.4861111111111111;0.0;0.0;0.0;-0.3694990463185855;3.0303030303030303;254;8;0.031496062992125984
6;nso.mn;0.6238095238095238;0.6238095238095238;0.6238095238095238;0.6011904761904762;0.6011904761904762;0.6011904761904762;0.0;0.0;0.0;0.9166666666666666;0.9166666666666666;0.9166666666666666;0.9166666666666666;0.9166666666666666;0.9166666666666666;0.5297619047619048;0.5297619047619048;0.5297619047619048;0.47222222222222215;0.47222222222222215;0.47222222222222215;0.0;0.0;0.0;0.9166666666666666;0.9166666666666666;0.9166666666666666;0.9166666666666666;0.9166666666666666;0.9166666666666666;0.6222222222222222;0.6222222222222222;0.6222222222222222;0.4861111111111111;0.4861111111111111;0.4861111111111111;0.0;0.0;0.0;-0.3694990463185855;3.0303030303030303;254;5;0.01968503937007874
6;nsomalawi.mw;0.5119047619047619;0.5726190476190476;0.6333333333333333;0.6011904761904762;0.6011904761904762;0.6011904761904762;0.0;0.0;0.0;1.0;1.0;1.0;0.9166666666666666;0.9166666666666666;0.9166666666666666;0.5119047619047619;0.5476190476190477;0.5833333333333334;0.6388888888888888;0.6388888888888888;0.6388888888888888;0.0;0.0;0.0;1.0;1.0;1.0;0.9166666666666666;0.9166666666666666;0.9166666666666666;0.5277777777777778;0.5833333333333333;0.6388888888888888;0.5;0.5;0.5;0.0;0.0;0.0;-0.09237476157964641;6.0606060606060606;254;12;0.047244094488188976
6;scisys.com;0.6309523809523809;0.6309523809523809;0.6309523809523809;0.6011904761904762;0.6011904761904762;0.6011904761904762;0.0;0.0;0.0;1.0;1.0;1.0;0.9333333333333332;0.9333333333333332;0.9333333333333332;0.6071428571428571;0.6071428571428571;0.6071428571428571;0.5499999999999999;0.5499999999999999;0.5499999999999999;0.0;0.0;0.0;1.0;1.0;1.0;0.9333333333333332;0.9333333333333332;0.9333333333333332;0.4920634920634921;0.4920634920634921;0.4920634920634921;0.5111111111111111;0.5111111111111111;0.5111111111111111;0.0;0.0;0.0;-0.3694990463185855;3.0303030303030303;254;5;0.01968503937007874
6;slideplayer.com;0.8690476190476191;0.8690476190476191;0.8690476190476191;0.6309523809523809;0.6309523809523809;0.6309523809523809;0.0;0.0;0.0;0.9333333333333332;0.9333333333333332;0.9333333333333332;0.6333333333333333;0.6333333333333333;0.6333333333333333;0.9166666666666666;0.9166666666666666;0.9166666666666666;0.5833333333333334;0.5833333333333334;0.5833333333333334;0.0;0.0;0.0;0.9333333333333332;0.9333333333333332;0.9333333333333332;0.6333333333333333;0.6333333333333333;0.6333333333333333;0.7375;0.7375;0.7375;0.6507936507936508;0.6507936507936508;0.6507936507936508;0.0;0.0;0.0;-0.3694990463185855;3.0303030303030303;254;6;0.023622047244094488
6;tariffnumber.com;0.8690476190476191;0.8690476190476191;0.8690476190476191;0.5952380952380952;0.5952380952380952;0.5952380952380952;1.0;1.0;1.0;0.6583333333333333;0.6583333333333333;0.6583333333333333;0.6011904761904762;0.6011904761904762;0.6011904761904762;0.9166666666666666;0.9166666666666666;0.9166666666666666;0.5119047619047619;0.5119047619047619;0.5119047619047619;1.0;1.0;1.0;0.6583333333333333;0.6583333333333333;0.6583333333333333;0.6011904761904762;0.6011904761904762;0.6011904761904762;0.6888888888888888;0.6888888888888888;0.6888888888888888;0.7083333333333334;0.7083333333333334;0.7083333333333334;1.0;1.0;1.0;-0.3694990463185855;3.0303030303030303;254;9;0.03543307086614173
6;unctad.org;0.9047619047619048;0.9047619047619048;0.9047619047619048;0.5119047619047619;0.5119047619047619;0.5119047619047619;0.0;0.0;0.0;0.6011904761904762;0.6011904761904762;0.6011904761904762;0.5583333333333333;0.5583333333333333;0.5583333333333333;0.9166666666666666;0.9166666666666666;0.9166666666666666;0.6666666666666666;0.6666666666666666;0.6666666666666666;0.0;0.0;0.0;0.6011904761904762;0.6011904761904762;0.6011904761904762;0.5583333333333333;0.5583333333333333;0.5583333333333333;0.6507936507936508;0.6507936507936508;0.6507936507936508;0.0;0.0;0.0;0.0;0.0;0.0;-0.3694990463185855;3.0303030303030303;254;10;0.03937007874015748
7;ac.at;0.6388888888888888;0.6388888888888888;0.6388888888888888;0.0;0.0;0.0;0.0;0.0;0.0;0.9259259259259259;0.9259259259259259;0.9259259259259259;0.6507936507936508;0.6507936507936508;0.6507936507936508;0.5740740740740741;0.5740740740740741;0.5740740740740741;0.48148148148148145;0.48148148148148145;0.48148148148148145;0.0;0.0;0.0;0.9259259259259259;0.9259259259259259;0.9259259259259259;0.6507936507936508;0.6507936507936508;0.6507936507936508;0.5;0.5;0.5;0.0;0.0;0.0;0.0;0.0;0.0;-0.3694990463185855;2.6315789473684212;272;9;0.03308823529411765
7;aussda.at;0.6666666666666666;0.6875;0.7083333333333334;0.4537037037037037;0.4537037037037037;0.4537037037037037;0.0;0.0;0.0;0.9259259259259259;0.9259259259259259;0.9259259259259259;0.9259259259259259;0.9259259259259259;0.9259259259259259;0.5873015873015873;0.6455026455026456;0.7037037037037037;0.5026455026455027;0.5026455026455027;0.5026455026455027;0.0;0.0;0.0;0.9259259259259259;0.9259259259259259;0.9259259259259259;0.9259259259259259;0.9259259259259259;0.9259259259259259;0.5;0.5;0.5;0.0;0.0;0.0;0.0;0.0;0.0;-0.09237476157964641;5.2631578947368425;272;13;0.04779411764705882
7;bacid.eu;0.8333333333333334;0.8333333333333334;0.8333333333333334;0.0;0.0;0.0;0.0;0.0;0.0;0.5619047619047619;0.5619047619047619;0.5619047619047619;0.5619047619047619;0.5619047619047619;0.5619047619047619;0.8425925925925926;0.8425925925925926;0.8425925925925926;0.43703703703703706;0.43703703703703706;0.43703703703703706;0.0;0.0;0.0;0.5619047619047619;0.5619047619047619;0.5619047619047619;0.5619047619047619;0.5619047619047619;0.5619047619047619;1.0;1.0;1.0;0.0;0.0;0.0;0.0;0.0;0.0;-0.3694990463185855;2.6315789473684212;272;8;0.029411764705882353
7;encr.eu;0.6333333333333333;0.7666666666666667;0.8333333333333334;0.5;0.5277777777777778;0.5833333333333334;0.0;0.0;0.0;0.9259259259259259;0.9259259259259259;0.9259259259259259;0.6011904761904762;0.6904761904761904;0.8690476190476191;0.8425925925925926;0.8425925925925926;0.8425925925925926;0.49074074074074076;0.5179012345679013;0.5314814814814816;0.0;0.0;0.0;0.9259259259259259;0.9259259259259259;0.9259259259259259;0.6011904761904762;0.6904761904761904;0.8690476190476191;0.0;0.6666666666666666;1.0;0.0;0.0;0.0;0.0;0.0;0.0;0.1847495231592927;7.894736842105263;272;26;0.09558823529411764
7;feantsa.org;0.6666666666666666;0.6666666666666666;0.6666666666666666;0.0;0.0;0.0;0.0;0.0;0.0;0.9259259259259259;0.9259259259259259;0.9259259259259259;0.0;0.0;0.0;0.6296296296296297;0.6296296296296297;0.6296296296296297;0.0;0.0;0.0;0.0;0.0;0.0;0.9259259259259259;0.9259259259259259;0.9259259259259259;0.0;0.0;0.0;0.0;0.0;0.0;0.0;0.0;0.0;0.0;0.0;0.0;-0.3694990463185855;2.6315789473684212;272;3;0.011029411764705883
7;fenstats.eu;0.5952380952380952;0.6746031746031745;0.8333333333333334;0.5952380952380952;0.5952380952380952;0.5952380952380952;0.0;0.0;0.0;0.9259259259259259;0.9506172839506174;1.0;0.8690476190476191;0.8690476190476191;0.8690476190476191;0.8425925925925926;0.8425925925925926;0.8425925925925926;0.49074074074074076;0.49074074074074076;0.49074074074074076;0.0;0.0;0.0;0.9259259259259259;0.9506172839506174;1.0;0.8690476190476191;0.8690476190476191;0.8690476190476191;1.0;1.0;1.0;0.0;0.0;0.0;0.0;0.0;0.0;0.1847495231592927;7.894736842105263;272;20;0.07352941176470588
7;gv.at;0.0;0.5956790123456791;0.8333333333333334;0.393939393939394;0.5371278926834483;0.6333333333333333;0.0;0.0;0.0;0.0;0.7201646090534979;0.9259259259259259;0.48917748917748916;0.7597375875153651;0.9259259259259259;0.0;0.5973251028806584;0.8425925925925926;0.4006734006734007;0.4929025706803485;0.6444444444444445;0.0;0.0;0.0;0.0;0.7201646090534979;0.9259259259259259;0.48917748917748916;0.7597375875153651;0.9259259259259259;0.0;0.5555555555555556;1.0;0.0;0.0;0.0;0.0;0.0;0.0;1.8474952315929272;23.68421052631579;272;65;0.23897058823529413
7;ietf.org;0.5277777777777778;0.5277777777777778;0.5277777777777778;0.5833333333333334;0.5833333333333334;0.5833333333333334;0.0;0.0;0.0;0.9259259259259259;0.9259259259259259;0.9259259259259259;0.5904761904761905;0.5904761904761905;0.5904761904761905;0.5026455026455027;0.5026455026455027;0.5026455026455027;0.5555555555555555;0.5555555555555555;0.5555555555555555;0.0;0.0;0.0;0.9259259259259259;0.9259259259259259;0.9259259259259259;0.5904761904761905;0.5904761904761905;0.5904761904761905;0.6666666666666666;0.6666666666666666;0.6666666666666666;0.0;0.0;0.0;0.0;0.0;0.0;-0.3694990463185855;2.6315789473684212;272;5;0.01838235294117647
7;jku.at;0.6666666666666666;0.6666666666666666;0.6666666666666666;0.46428571428571425;0.46428571428571425;0.46428571428571425;0.0;0.0;0.0;0.9259259259259259;0.9259259259259259;0.9259259259259259;0.5873015873015873;0.5873015873015873;0.5873015873015873;0.5740740740740741;0.5740740740740741;0.5740740740740741;0.41798941798941797;0.41798941798941797;0.41798941798941797;0.0;0.0;0.0;0.9259259259259259;0.9259259259259259;0.9259259259259259;0.5873015873015873;0.5873015873015873;0.5873015873015873;0.0;0.0;0.0;0.5;0.5;0.5;0.0;0.0;0.0;-0.3694990463185855;2.6315789473684212;272;5;0.01838235294117647
7;jpi-dataproject.eu;0.5833333333333334;0.7166666666666667;0.75;0.4444444444444444;0.45185185185185184;0.47222222222222215;0.0;0.0;0.0;0.9259259259259259;0.9407407407407409;1.0;0.8690476190476191;0.8761904761904763;0.9047619047619048;0.8425925925925926;0.8425925925925926;0.8425925925925926;0.49074074074074076;0.5064814814814815;0.5694444444444444;0.0;0.0;0.0;0.9259259259259259;0.9407407407407409;1.0;0.8690476190476191;0.8761904761904763;0.9047619047619048;0.0;0.8;1.0;0.0;0.0;0.0;0.0;0.0;0.0;0.7389980926371709;13.157894736842104;272;37;0.13602941176470587
7;jstatsoft.org;0.5952380952380952;0.5952380952380952;0.5952380952380952;0.46428571428571425;0.46428571428571425;0.46428571428571425;0.0;0.0;0.0;0.9259259259259259;0.9259259259259259;0.9259259259259259;0.6190476190476191;0.6190476190476191;0.6190476190476191;0.5026455026455027;0.5026455026455027;0.5026455026455027;0.4761904761904761;0.4761904761904761;0.4761904761904761;0.0;0.0;0.0;0.9259259259259259;0.9259259259259259;0.9259259259259259;0.6190476190476191;0.6190476190476191;0.6190476190476191;0.5;0.5;0.5;0.0;0.0;0.0;0.0;0.0;0.0;-0.09237476157964641;5.2631578947368425;272;16;0.058823529411764705
7;salzburgerfestspiele.at;0.611111111111111;0.611111111111111;0.611111111111111;0.611111111111111;0.611111111111111;0.611111111111111;0.0;0.0;0.0;0.9047619047619048;0.9047619047619048;0.9047619047619048;0.5873015873015873;0.5873015873015873;0.5873015873015873;0.5851851851851851;0.5851851851851851;0.5851851851851851;0.5851851851851851;0.5851851851851851;0.5851851851851851;0.0;0.0;0.0;0.9047619047619048;0.9047619047619048;0.9047619047619048;0.5873015873015873;0.5873015873015873;0.5873015873015873;0.5277777777777778;0.5277777777777778;0.5277777777777778;0.0;0.0;0.0;0.0;0.0;0.0;-0.3694990463185855;2.6315789473684212;272;6;0.022058823529411766
7;statistik.at;0.0;0.40476190476190477;0.8333333333333334;0.4537037037037037;0.524814814814815;0.5722222222222223;0.0;0.0;0.0;0.0;0.5851851851851853;1.0;0.8690476190476191;0.8917989417989418;0.9259259259259259;0.0;0.38629629629629625;0.8425925925925926;0.5026455026455027;0.5277248677248677;0.5444444444444444;0.0;0.0;0.0;0.0;0.5851851851851853;1.0;0.8690476190476191;0.8917989417989418;0.9259259259259259;0.0;0.28888888888888886;1.0;0.0;0.0;0.0;0.0;0.0;0.0;0.7389980926371709;13.157894736842104;272;39;0.14338235294117646
7;vector-academy.com;0.6666666666666666;0.6666666666666666;0.6666666666666666;0.47222222222222215;0.47222222222222215;0.47222222222222215;0.0;0.0;0.0;0.6428571428571429;0.6428571428571429;0.6428571428571429;0.5873015873015873;0.5873015873015873;0.5873015873015873;0.5555555555555555;0.5555555555555555;0.5555555555555555;0.43703703703703706;0.43703703703703706;0.43703703703703706;0.0;0.0;0.0;0.6428571428571429;0.6428571428571429;0.6428571428571429;0.5873015873015873;0.5873015873015873;0.5873015873015873;0.0;0.0;0.0;0.0;0.0;0.0;0.0;0.0;0.0;-0.3694990463185855;2.6315789473684212;272;9;0.03308823529411765
7;wko.at;0.4583333333333333;0.4583333333333333;0.4583333333333333;0.5666666666666667;0.5666666666666667;0.5666666666666667;0.0;0.0;0.0;0.6011904761904762;0.6011904761904762;0.6011904761904762;0.9259259259259259;0.9259259259259259;0.9259259259259259;0.5407407407407407;0.5407407407407407;0.5407407407407407;0.6148148148148148;0.6148148148148148;0.6148148148148148;0.0;0.0;0.0;0.6011904761904762;0.6011904761904762;0.6011904761904762;0.9259259259259259;0.9259259259259259;0.9259259259259259;0.5;0.5;0.5;0.0;0.0;0.0;0.0;0.0;0.0;-0.3694990463185855;2.6315789473684212;272;7;0.025735294117647058
7;yumpu.com;0.7222222222222222;0.7222222222222222;0.7222222222222222;0.5952380952380952;0.5952380952380952;0.5952380952380952;0.0;0.0;0.0;0.9259259259259259;0.9259259259259259;0.9259259259259259;0.8777777777777778;0.8777777777777778;0.8777777777777778;0.8425925925925926;0.8425925925925926;0.8425925925925926;0.5185185185185185;0.5185185185185185;0.5185185185185185;0.0;0.0;0.0;0.9259259259259259;0.9259259259259259;0.9259259259259259;0.8777777777777778;0.8777777777777778;0.8777777777777778;0.5;0.5;0.5;0.0;0.0;0.0;0.0;0.0;0.0;-0.3694990463185855;2.6315789473684212;272;4;0.014705882352941176
8;asylumineurope.org;0.611111111111111;0.611111111111111;0.611111111111111;0.5138888888888888;0.5138888888888888;0.5138888888888888;0.0;0.0;0.0;1.0;1.0;1.0;0.9333333333333332;0.9333333333333332;0.9333333333333332;0.5904761904761905;0.5904761904761905;0.5904761904761905;0.48412698412698413;0.48412698412698413;0.48412698412698413;0.0;0.0;0.0;1.0;1.0;1.0;0.9333333333333332;0.9333333333333332;0.9333333333333332;0.0;0.0;0.0;0.0;0.0;0.0;0.0;0.0;0.0;-0.3694990463185855;3.225806451612903;238;9;0.037815126050420166
8;cia.gov;0.5;0.5;0.5;0.5396825396825397;0.5396825396825397;0.5396825396825397;0.0;0.0;0.0;0.888888888888889;0.888888888888889;0.888888888888889;0.888888888888889;0.888888888888889;0.888888888888889;0.6507936507936508;0.6507936507936508;0.6507936507936508;0.6626984126984127;0.6626984126984127;0.6626984126984127;0.0;0.0;0.0;0.888888888888889;0.888888888888889;0.888888888888889;0.888888888888889;0.888888888888889;0.888888888888889;0.0;0.0;0.0;0.0;0.0;0.0;0.0;0.0;0.0;-0.3694990463185855;3.225806451612903;238;6;0.025210084033613446
8;gesis.org;0.8194444444444445;0.8194444444444445;0.8194444444444445;0.8194444444444445;0.8194444444444445;0.8194444444444445;0.0;0.0;0.0;0.8424242424242424;0.8424242424242424;0.8424242424242424;0.5674603174603174;0.5674603174603174;0.5674603174603174;1.0;1.0;1.0;1.0;1.0;1.0;0.0;0.0;0.0;0.8424242424242424;0.8424242424242424;0.8424242424242424;0.5674603174603174;0.5674603174603174;0.5674603174603174;1.0;1.0;1.0;1.0;1.0;1.0;0.0;0.0;0.0;-0.3694990463185855;3.225806451612903;238;7;0.029411764705882353
8;gov.nl;0.5555555555555555;0.5555555555555555;0.5555555555555555;0.5050505050505051;0.5050505050505051;0.5050505050505051;0.0;0.0;0.0;0.6666666666666666;0.6666666666666666;0.6666666666666666;0.6333333333333333;0.6333333333333333;0.6333333333333333;0.6047619047619047;0.6047619047619047;0.6047619047619047;0.6238095238095238;0.6238095238095238;0.6238095238095238;0.0;0.0;0.0;0.6666666666666666;0.6666666666666666;0.6666666666666666;0.6333333333333333;0.6333333333333333;0.6333333333333333;0.0;0.0;0.0;0.0;0.0;0.0;0.0;0.0;0.0;-0.3694990463185855;3.225806451612903;238;8;0.03361344537815126
8;gov.pl;0.5277777777777778;0.8055555555555558;0.888888888888889;0.0;0.4990059323392656;0.5555555555555555;0.0;0.0;0.0;0.611111111111111;0.9022318422318424;0.9333333333333332;0.45555555555555555;0.8762265512265512;0.9333333333333332;0.5297619047619048;0.9034076593600404;1.0;0.4238095238095238;0.5244737625690007;0.7222222222222222;0.0;0.0;0.0;0.611111111111111;0.9022318422318424;0.9333333333333332;0.45555555555555555;0.8762265512265512;0.9333333333333332;0.0;0.8346560846560847;1.0;0.0;0.048563869992441416;0.5277777777777778;0.0;0.0;0.0;5.172986648460197;67.74193548387096;238;157;0.6596638655462185
8;iata.org;0.611111111111111;0.611111111111111;0.611111111111111;0.4444444444444444;0.4444444444444444;0.4444444444444444;0.0;0.0;0.0;0.888888888888889;0.888888888888889;0.888888888888889;0.5738095238095239;0.5738095238095239;0.5738095238095239;0.6507936507936508;0.6507936507936508;0.6507936507936508;0.4603174603174603;0.4603174603174603;0.4603174603174603;0.0;0.0;0.0;0.888888888888889;0.888888888888889;0.888888888888889;0.5738095238095239;0.5738095238095239;0.5738095238095239;0.0;0.0;0.0;0.0;0.0;0.0;0.0;0.0;0.0;-0.3694990463185855;3.225806451612903;238;9;0.037815126050420166
8;jois.eu;0.5714285714285715;0.5714285714285715;0.5714285714285715;0.5;0.5;0.5;0.0;0.0;0.0;0.8424242424242424;0.8424242424242424;0.8424242424242424;0.888888888888889;0.888888888888889;0.888888888888889;0.6031746031746031;0.6031746031746031;0.6031746031746031;0.6031746031746031;0.6031746031746031;0.6031746031746031;0.0;0.0;0.0;0.8424242424242424;0.8424242424242424;0.8424242424242424;0.888888888888889;0.888888888888889;0.888888888888889;0.0;0.0;0.0;0.0;0.0;0.0;0.0;0.0;0.0;-0.3694990463185855;3.225806451612903;238;9;0.037815126050420166
8;marketwatch.com;0.5555555555555555;0.5555555555555555;0.5555555555555555;0.5777777777777778;0.5777777777777778;0.5777777777777778;0.0;0.0;0.0;0.9333333333333332;0.9333333333333332;0.9333333333333332;0.5738095238095239;0.5738095238095239;0.5738095238095239;0.7222222222222222;0.7222222222222222;0.7222222222222222;0.7222222222222222;0.7222222222222222;0.7222222222222222;0.0;0.0;0.0;0.9333333333333332;0.9333333333333332;0.9333333333333332;0.5738095238095239;0.5738095238095239;0.5738095238095239;0.5277777777777778;0.5277777777777778;0.5277777777777778;0.5277777777777778;0.5277777777777778;0.5277777777777778;0.0;0.0;0.0;-0.3694990463185855;3.225806451612903;238;8;0.03361344537815126
8;q2018.pl;0.888888888888889;0.888888888888889;0.888888888888889;0.5396825396825397;0.5396825396825397;0.5396825396825397;0.0;0.0;0.0;0.9333333333333332;0.9333333333333332;0.9333333333333332;0.5555555555555555;0.5555555555555555;0.5555555555555555;1.0;1.0;1.0;0.6888888888888888;0.6888888888888888;0.6888888888888888;0.0;0.0;0.0;0.9333333333333332;0.9333333333333332;0.9333333333333332;0.5555555555555555;0.5555555555555555;0.5555555555555555;1.0;1.0;1.0;0.5111111111111111;0.5111111111111111;0.5111111111111111;0.0;0.0;0.0;-0.3694990463185855;3.225806451612903;238;6;0.025210084033613446
8;thirdsectorimpact.eu;0.888888888888889;0.888888888888889;0.888888888888889;0.5050505050505051;0.5050505050505051;0.5050505050505051;0.0;0.0;0.0;0.8424242424242424;0.8424242424242424;0.8424242424242424;0.888888888888889;0.888888888888889;0.888888888888889;1.0;1.0;1.0;0.7222222222222222;0.7222222222222222;0.7222222222222222;0.0;0.0;0.0;0.8424242424242424;0.8424242424242424;0.8424242424242424;0.888888888888889;0.888888888888889;0.888888888888889;0.5277777777777778;0.5277777777777778;0.5277777777777778;0.5277777777777778;0.5277777777777778;0.5277777777777778;0.0;0.0;0.0;-0.3694990463185855;3.225806451612903;238;10;0.04201680672268908
8;yelp.com;0.888888888888889;0.888888888888889;0.888888888888889;0.5;0.5;0.5;1.0;1.0;1.0;0.888888888888889;0.888888888888889;0.888888888888889;0.5888888888888889;0.5888888888888889;0.5888888888888889;1.0;1.0;1.0;0.5119047619047619;0.5119047619047619;0.5119047619047619;1.0;1.0;1.0;0.888888888888889;0.888888888888889;0.888888888888889;0.5888888888888889;0.5888888888888889;0.5888888888888889;1.0;1.0;1.0;0.0;0.0;0.0;1.0;1.0;1.0;-0.3694990463185855;3.225806451612903;238;9;0.037815126050420166
9;coe.int;0.9259259259259259;0.9259259259259259;0.9259259259259259;0.4583333333333333;0.4583333333333333;0.4583333333333333;0.0;0.0;0.0;0.8727272727272728;0.8727272727272728;0.8727272727272728;0.9166666666666666;0.9166666666666666;0.9166666666666666;1.0;1.0;1.0;0.4861111111111111;0.4861111111111111;0.4861111111111111;0.0;0.0;0.0;0.8727272727272728;0.8727272727272728;0.8727272727272728;0.9166666666666666;0.9166666666666666;0.9166666666666666;1.0;1.0;1.0;0.0;0.0;0.0;0.0;0.0;0.0;-0.3694990463185855;4.0;208;7;0.03365384615384615
9;gov.si;0.9259259259259259;0.9259259259259259;0.9259259259259259;0.4259259259259259;0.4259259259259259;0.4259259259259259;0.0;0.0;0.0;1.0;1.0;1.0;0.5805555555555556;0.5805555555555556;0.5805555555555556;1.0;1.0;1.0;0.611111111111111;0.611111111111111;0.611111111111111;0.0;0.0;0.0;1.0;1.0;1.0;0.5805555555555556;0.5805555555555556;0.5805555555555556;1.0;1.0;1.0;0.0;0.0;0.0;0.0;0.0;0.0;-0.3694990463185855;4.0;208;8;0.038461538461538464
9;iaos-isi.org;0.9259259259259259;0.9259259259259259;0.9259259259259259;0.4166666666666667;0.4166666666666667;0.4166666666666667;0.0;0.0;0.0;1.0;1.0;1.0;1.0;1.0;1.0;1.0;1.0;1.0;0.611111111111111;0.611111111111111;0.611111111111111;0.0;0.0;0.0;1.0;1.0;1.0;1.0;1.0;1.0;1.0;1.0;1.0;0.6666666666666666;0.6666666666666666;0.6666666666666666;0.0;0.0;0.0;-0.3694990463185855;4.0;208;9;0.04326923076923077
9;iospress.com;0.9259259259259259;0.9259259259259259;0.9259259259259259;0.5158730158730158;0.5158730158730158;0.5158730158730158;0.0;0.0;0.0;1.0;1.0;1.0;0.6388888888888888;0.6805555555555556;0.7222222222222222;1.0;1.0;1.0;0.6388888888888888;0.6527777777777777;0.6666666666666666;0.0;0.0;0.0;1.0;1.0;1.0;0.6388888888888888;0.6805555555555556;0.7222222222222222;0.8833333333333334;0.9416666666666667;1.0;0.0;0.0;0.0;0.0;0.0;0.0;-0.09237476157964641;8.0;208;14;0.0673076923076923
9;ipaac.eu;0.5694444444444444;0.5694444444444444;0.5694444444444444;0.41798941798941797;0.41798941798941797;0.41798941798941797;0.0;0.0;0.0;1.0;1.0;1.0;0.6011904761904762;0.6011904761904762;0.6011904761904762;0.537878787878788;0.537878787878788;0.537878787878788;0.6507936507936508;0.6507936507936508;0.6507936507936508;0.0;0.0;0.0;1.0;1.0;1.0;0.6011904761904762;0.6011904761904762;0.6011904761904762;0.0;0.0;0.0;0.0;0.0;0.0;0.0;0.0;0.0;-0.3694990463185855;4.0;208;10;0.04807692307692308
9;itf-oecd.org;0.9259259259259259;0.9259259259259259;0.9259259259259259;0.5314814814814816;0.5314814814814816;0.5314814814814816;0.0;0.0;0.0;0.6666666666666666;0.6666666666666666;0.6666666666666666;0.9166666666666666;0.9166666666666666;0.9166666666666666;1.0;1.0;1.0;0.5833333333333334;0.5833333333333334;0.5833333333333334;0.0;0.0;0.0;0.6666666666666666;0.6666666666666666;0.6666666666666666;0.9166666666666666;0.9166666666666666;0.9166666666666666;0.5;0.5;0.5;0.0;0.0;0.0;0.0;0.0;0.0;-0.3694990463185855;4.0;208;10;0.04807692307692308
9;nrpslo.org;0.5694444444444444;0.8070987654320988;0.9259259259259259;0.5694444444444444;0.5694444444444444;0.5694444444444444;0.0;0.0;0.0;1.0;1.0;1.0;1.0;1.0;1.0;0.6388888888888888;0.8796296296296297;1.0;0.4861111111111111;0.4861111111111111;0.4861111111111111;0.0;0.0;0.0;1.0;1.0;1.0;1.0;1.0;1.0;0.0;0.6666666666666666;1.0;0.0;0.0;0.0;0.0;0.0;0.0;0.1847495231592927;12.0;208;27;0.12980769230769232
9;scribd.com;0.5694444444444444;0.5694444444444444;0.5694444444444444;0.5694444444444444;0.5694444444444444;0.5694444444444444;0.0;0.0;0.0;1.0;1.0;1.0;1.0;1.0;1.0;0.6388888888888888;0.6388888888888888;0.6388888888888888;0.4861111111111111;0.4861111111111111;0.4861111111111111;0.0;0.0;0.0;1.0;1.0;1.0;1.0;1.0;1.0;0.0;0.0;0.0;0.0;0.0;0.0;0.0;0.0;0.0;-0.3694990463185855;4.0;208;8;0.038461538461538464
9;sloveniabusiness.eu;0.5694444444444444;0.6882716049382717;0.9259259259259259;0.49074074074074076;0.49074074074074076;0.49074074074074076;0.0;0.0;0.0;1.0;1.0;1.0;0.9166666666666666;0.9166666666666666;0.9166666666666666;0.6666666666666666;0.6666666666666666;0.6666666666666666;0.5;0.5;0.5;0.0;0.0;0.0;1.0;1.0;1.0;0.9166666666666666;0.9166666666666666;0.9166666666666666;0.0;0.3333333333333333;1.0;0.0;0.0;0.0;0.0;0.0;0.0;0.1847495231592927;12.0;208;24;0.11538461538461539
9;stat.si;0.5694444444444444;0.6407407407407407;0.9259259259259259;0.4037037037037037;0.4393386243386243;0.4583333333333333;0.0;0.0;0.0;1.0;1.0;1.0;0.6011904761904762;0.8589653679653679;0.9436363636363637;0.5277777777777778;0.6126984126984127;0.6507936507936508;0.4861111111111111;0.5384920634920635;0.6507936507936508;0.0;0.0;0.0;1.0;1.0;1.0;0.6011904761904762;0.8589653679653679;0.9436363636363637;0.0;0.7;1.0;0.0;0.18333333333333332;0.9166666666666666;0.0;0.0;0.0;0.7389980926371709;20.0;208;47;0.22596153846153846
9;tomazcater.com;0.9259259259259259;0.9259259259259259;0.9259259259259259;0.43703703703703706;0.43703703703703706;0.43703703703703706;0.0;0.0;0.0;1.0;1.0;1.0;0.6011904761904762;0.6011904761904762;0.6011904761904762;0.6507936507936508;0.6507936507936508;0.6507936507936508;0.6507936507936508;0.6507936507936508;0.6507936507936508;0.0;0.0;0.0;1.0;1.0;1.0;0.6011904761904762;0.6011904761904762;0.6011904761904762;1.0;1.0;1.0;0.0;0.0;0.0;0.0;0.0;0.0;-0.3694990463185855;4.0;208;6;0.028846153846153848
9;transparency.org;0.9259259259259259;0.9259259259259259;0.9259259259259259;0.5277777777777778;0.5277777777777778;0.5277777777777778;0.0;0.0;0.0;0.9166666666666666;0.9166666666666666;0.9166666666666666;0.9166666666666666;0.9166666666666666;0.9166666666666666;1.0;1.0;1.0;0.4920634920634921;0.4920634920634921;0.4920634920634921;0.0;0.0;0.0;0.9166666666666666;0.9166666666666666;0.9166666666666666;0.9166666666666666;0.9166666666666666;0.9166666666666666;1.0;1.0;1.0;0.0;0.0;0.0;0.0;0.0;0.0;-0.3694990463185855;4.0;208;9;0.04326923076923077
9;unesco.org;0.9259259259259259;0.9259259259259259;0.9259259259259259;0.6026936026936026;0.6026936026936026;0.6026936026936026;0.0;0.0;0.0;1.0;1.0;1.0;1.0;1.0;1.0;0.6888888888888888;0.6888888888888888;0.6888888888888888;0.6666666666666666;0.6666666666666666;0.6666666666666666;0.0;0.0;0.0;1.0;1.0;1.0;1.0;1.0;1.0;1.0;1.0;1.0;0.0;0.0;0.0;0.0;0.0;0.0;-0.3694990463185855;4.0;208;6;0.028846153846153848
9;uni-lj.si;0.5694444444444444;0.5694444444444444;0.5694444444444444;0.5694444444444444;0.5694444444444444;0.5694444444444444;0.0;0.0;0.0;1.0;1.0;1.0;0.7797619047619048;0.7797619047619048;0.7797619047619048;0.6388888888888888;0.6388888888888888;0.6388888888888888;0.6507936507936508;0.6507936507936508;0.6507936507936508;0.0;0.0;0.0;1.0;1.0;1.0;0.7797619047619048;0.7797619047619048;0.7797619047619048;0.5;0.5;0.5;0.0;0.0;0.0;0.0;0.0;0.0;-0.3694990463185855;4.0;208;7;0.03365384615384615
9;wikidata.org;0.468013468013468;0.468013468013468;0.468013468013468;0.5694444444444444;0.5694444444444444;0.5694444444444444;0.0;0.0;0.0;0.9436363636363637;0.9436363636363637;0.9436363636363637;1.0;1.0;1.0;0.5277777777777778;0.5277777777777778;0.5277777777777778;0.4861111111111111;0.4861111111111111;0.4861111111111111;0.0;0.0;0.0;0.9436363636363637;0.9436363636363637;0.9436363636363637;1.0;1.0;1.0;0.0;0.0;0.0;0.0;0.0;0.0;0.0;0.0;0.0;-0.3694990463185855;4.0;208;9;0.04326923076923077
9;worldcat.org;0.9259259259259259;0.9259259259259259;0.9259259259259259;0.468013468013468;0.468013468013468;0.468013468013468;0.0;0.0;0.0;0.8055555555555555;0.8055555555555555;0.8055555555555555;0.7575757575757575;0.7575757575757575;0.7575757575757575;1.0;1.0;1.0;0.6507936507936508;0.6507936507936508;0.6507936507936508;0.0;0.0;0.0;0.8055555555555555;0.8055555555555555;0.8055555555555555;0.7575757575757575;0.7575757575757575;0.7575757575757575;0.6666666666666666;0.6666666666666666;0.6666666666666666;0.0;0.0;0.0;0.0;0.0;0.0;-0.3694990463185855;4.0;208;7;0.03365384615384615
